connection,member_tag,type,demand_kip_or_kipft,note
beam-end @ 100000/100100,211,shear (+moment if MF),"V=116.1 kip, M=955.8 kip-ft",size per AISC 360 Ch.J (agent derives bolt/weld/plate from RAG); MF per A358
beam-end @ 100100/100200,212,shear (+moment if MF),"V=116.1 kip, M=870.8 kip-ft",size per AISC 360 Ch.J (agent derives bolt/weld/plate from RAG); MF per A358
beam-end @ 100200/100300,213,shear (+moment if MF),"V=116.1 kip, M=870.8 kip-ft",size per AISC 360 Ch.J (agent derives bolt/weld/plate from RAG); MF per A358
beam-end @ 100300/100400,214,shear (+moment if MF),"V=116.1 kip, M=870.8 kip-ft",size per AISC 360 Ch.J (agent derives bolt/weld/plate from RAG); MF per A358
beam-end @ 100400/100500,215,shear (+moment if MF),"V=116.1 kip, M=870.8 kip-ft",size per AISC 360 Ch.J (agent derives bolt/weld/plate from RAG); MF per A358
beam-end @ 100500/100600,216,shear (+moment if MF),"V=116.1 kip, M=962.8 kip-ft",size per AISC 360 Ch.J (agent derives bolt/weld/plate from RAG); MF per A358
beam-end @ 100001/100101,217,shear (+moment if MF),"V=116.1 kip, M=870.8 kip-ft",size per AISC 360 Ch.J (agent derives bolt/weld/plate from RAG); MF per A358
beam-end @ 100101/100201,218,shear (+moment if MF),"V=116.1 kip, M=870.8 kip-ft",size per AISC 360 Ch.J (agent derives bolt/weld/plate from RAG); MF per A358
beam-end @ 100201/100301,219,shear (+moment if MF),"V=116.1 kip, M=870.8 kip-ft",size per AISC 360 Ch.J (agent derives bolt/weld/plate from RAG); MF per A358
beam-end @ 100301/100401,220,shear (+moment if MF),"V=116.1 kip, M=870.8 kip-ft",size per AISC 360 Ch.J (agent derives bolt/weld/plate from RAG); MF per A358
beam-end @ 100401/100501,221,shear (+moment if MF),"V=116.1 kip, M=870.8 kip-ft",size per AISC 360 Ch.J (agent derives bolt/weld/plate from RAG); MF per A358
beam-end @ 100501/100601,222,shear (+moment if MF),"V=116.1 kip, M=870.8 kip-ft",size per AISC 360 Ch.J (agent derives bolt/weld/plate from RAG); MF per A358
beam-end @ 100002/100102,223,shear (+moment if MF),"V=116.1 kip, M=870.8 kip-ft",size per AISC 360 Ch.J (agent derives bolt/weld/plate from RAG); MF per A358
beam-end @ 100102/100202,224,shear (+moment if MF),"V=116.1 kip, M=870.8 kip-ft",size per AISC 360 Ch.J (agent derives bolt/weld/plate from RAG); MF per A358
beam-end @ 100202/100302,225,shear (+moment if MF),"V=116.1 kip, M=870.8 kip-ft",size per AISC 360 Ch.J (agent derives bolt/weld/plate from RAG); MF per A358
beam-end @ 100302/100402,226,shear (+moment if MF),"V=116.1 kip, M=870.8 kip-ft",size per AISC 360 Ch.J (agent derives bolt/weld/plate from RAG); MF per A358
beam-end @ 100402/100502,227,shear (+moment if MF),"V=116.1 kip, M=870.8 kip-ft",size per AISC 360 Ch.J (agent derives bolt/weld/plate from RAG); MF per A358
beam-end @ 100502/100602,228,shear (+moment if MF),"V=116.1 kip, M=870.8 kip-ft",size per AISC 360 Ch.J (agent derives bolt/weld/plate from RAG); MF per A358
beam-end @ 100003/100103,229,shear (+moment if MF),"V=116.1 kip, M=870.8 kip-ft",size per AISC 360 Ch.J (agent derives bolt/weld/plate from RAG); MF per A358
beam-end @ 100103/100203,230,shear (+moment if MF),"V=116.1 kip, M=870.8 kip-ft",size per AISC 360 Ch.J (agent derives bolt/weld/plate from RAG); MF per A358
beam-end @ 100203/100303,231,shear (+moment if MF),"V=116.1 kip, M=870.8 kip-ft",size per AISC 360 Ch.J (agent derives bolt/weld/plate from RAG); MF per A358
beam-end @ 100303/100403,232,shear (+moment if MF),"V=116.1 kip, M=870.8 kip-ft",size per AISC 360 Ch.J (agent derives bolt/weld/plate from RAG); MF per A358
beam-end @ 100403/100503,233,shear (+moment if MF),"V=116.1 kip, M=870.8 kip-ft",size per AISC 360 Ch.J (agent derives bolt/weld/plate from RAG); MF per A358
beam-end @ 100503/100603,234,shear (+moment if MF),"V=116.1 kip, M=870.8 kip-ft",size per AISC 360 Ch.J (agent derives bolt/weld/plate from RAG); MF per A358
beam-end @ 100004/100104,235,shear (+moment if MF),"V=116.1 kip, M=962.8 kip-ft",size per AISC 360 Ch.J (agent derives bolt/weld/plate from RAG); MF per A358
beam-end @ 100104/100204,236,shear (+moment if MF),"V=116.1 kip, M=870.8 kip-ft",size per AISC 360 Ch.J (agent derives bolt/weld/plate from RAG); MF per A358
beam-end @ 100204/100304,237,shear (+moment if MF),"V=116.1 kip, M=870.8 kip-ft",size per AISC 360 Ch.J (agent derives bolt/weld/plate from RAG); MF per A358
beam-end @ 100304/100404,238,shear (+moment if MF),"V=116.1 kip, M=870.8 kip-ft",size per AISC 360 Ch.J (agent derives bolt/weld/plate from RAG); MF per A358
beam-end @ 100404/100504,239,shear (+moment if MF),"V=116.1 kip, M=870.8 kip-ft",size per AISC 360 Ch.J (agent derives bolt/weld/plate from RAG); MF per A358
beam-end @ 100504/100604,240,shear (+moment if MF),"V=116.1 kip, M=955.8 kip-ft",size per AISC 360 Ch.J (agent derives bolt/weld/plate from RAG); MF per A358
beam-end @ 100000/100001,241,shear (+moment if MF),"V=116.1 kip, M=1309.7 kip-ft",size per AISC 360 Ch.J (agent derives bolt/weld/plate from RAG); MF per A358
beam-end @ 100001/100002,242,shear (+moment if MF),"V=116.1 kip, M=1414.8 kip-ft",size per AISC 360 Ch.J (agent derives bolt/weld/plate from RAG); MF per A358
beam-end @ 100002/100003,243,shear (+moment if MF),"V=116.1 kip, M=1413.7 kip-ft",size per AISC 360 Ch.J (agent derives bolt/weld/plate from RAG); MF per A358
beam-end @ 100003/100004,244,shear (+moment if MF),"V=116.1 kip, M=1316.0 kip-ft",size per AISC 360 Ch.J (agent derives bolt/weld/plate from RAG); MF per A358
beam-end @ 100100/100101,245,shear (+moment if MF),"V=116.1 kip, M=870.8 kip-ft",size per AISC 360 Ch.J (agent derives bolt/weld/plate from RAG); MF per A358
beam-end @ 100101/100102,246,shear (+moment if MF),"V=116.1 kip, M=870.8 kip-ft",size per AISC 360 Ch.J (agent derives bolt/weld/plate from RAG); MF per A358
beam-end @ 100102/100103,247,shear (+moment if MF),"V=116.1 kip, M=870.8 kip-ft",size per AISC 360 Ch.J (agent derives bolt/weld/plate from RAG); MF per A358
beam-end @ 100103/100104,248,shear (+moment if MF),"V=116.1 kip, M=870.8 kip-ft",size per AISC 360 Ch.J (agent derives bolt/weld/plate from RAG); MF per A358
beam-end @ 100200/100201,249,shear (+moment if MF),"V=116.1 kip, M=870.8 kip-ft",size per AISC 360 Ch.J (agent derives bolt/weld/plate from RAG); MF per A358
beam-end @ 100201/100202,250,shear (+moment if MF),"V=116.1 kip, M=870.8 kip-ft",size per AISC 360 Ch.J (agent derives bolt/weld/plate from RAG); MF per A358
beam-end @ 100202/100203,251,shear (+moment if MF),"V=116.1 kip, M=870.8 kip-ft",size per AISC 360 Ch.J (agent derives bolt/weld/plate from RAG); MF per A358
beam-end @ 100203/100204,252,shear (+moment if MF),"V=116.1 kip, M=870.8 kip-ft",size per AISC 360 Ch.J (agent derives bolt/weld/plate from RAG); MF per A358
beam-end @ 100300/100301,253,shear (+moment if MF),"V=116.1 kip, M=870.8 kip-ft",size per AISC 360 Ch.J (agent derives bolt/weld/plate from RAG); MF per A358
beam-end @ 100301/100302,254,shear (+moment if MF),"V=116.1 kip, M=870.8 kip-ft",size per AISC 360 Ch.J (agent derives bolt/weld/plate from RAG); MF per A358
beam-end @ 100302/100303,255,shear (+moment if MF),"V=116.1 kip, M=870.8 kip-ft",size per AISC 360 Ch.J (agent derives bolt/weld/plate from RAG); MF per A358
beam-end @ 100303/100304,256,shear (+moment if MF),"V=116.1 kip, M=870.8 kip-ft",size per AISC 360 Ch.J (agent derives bolt/weld/plate from RAG); MF per A358
beam-end @ 100400/100401,257,shear (+moment if MF),"V=116.1 kip, M=870.8 kip-ft",size per AISC 360 Ch.J (agent derives bolt/weld/plate from RAG); MF per A358
beam-end @ 100401/100402,258,shear (+moment if MF),"V=116.1 kip, M=870.8 kip-ft",size per AISC 360 Ch.J (agent derives bolt/weld/plate from RAG); MF per A358
beam-end @ 100402/100403,259,shear (+moment if MF),"V=116.1 kip, M=870.8 kip-ft",size per AISC 360 Ch.J (agent derives bolt/weld/plate from RAG); MF per A358
beam-end @ 100403/100404,260,shear (+moment if MF),"V=116.1 kip, M=870.8 kip-ft",size per AISC 360 Ch.J (agent derives bolt/weld/plate from RAG); MF per A358
beam-end @ 100500/100501,261,shear (+moment if MF),"V=116.1 kip, M=870.8 kip-ft",size per AISC 360 Ch.J (agent derives bolt/weld/plate from RAG); MF per A358
beam-end @ 100501/100502,262,shear (+moment if MF),"V=116.1 kip, M=870.8 kip-ft",size per AISC 360 Ch.J (agent derives bolt/weld/plate from RAG); MF per A358
beam-end @ 100502/100503,263,shear (+moment if MF),"V=116.1 kip, M=870.8 kip-ft",size per AISC 360 Ch.J (agent derives bolt/weld/plate from RAG); MF per A358
beam-end @ 100503/100504,264,shear (+moment if MF),"V=116.1 kip, M=870.8 kip-ft",size per AISC 360 Ch.J (agent derives bolt/weld/plate from RAG); MF per A358
beam-end @ 100600/100601,265,shear (+moment if MF),"V=116.1 kip, M=1316.0 kip-ft",size per AISC 360 Ch.J (agent derives bolt/weld/plate from RAG); MF per A358
beam-end @ 100601/100602,266,shear (+moment if MF),"V=116.1 kip, M=1413.7 kip-ft",size per AISC 360 Ch.J (agent derives bolt/weld/plate from RAG); MF per A358
beam-end @ 100602/100603,267,shear (+moment if MF),"V=116.1 kip, M=1414.8 kip-ft",size per AISC 360 Ch.J (agent derives bolt/weld/plate from RAG); MF per A358
beam-end @ 100603/100604,268,shear (+moment if MF),"V=116.1 kip, M=1309.7 kip-ft",size per AISC 360 Ch.J (agent derives bolt/weld/plate from RAG); MF per A358
beam-end @ 200000/200100,269,shear (+moment if MF),"V=116.1 kip, M=973.7 kip-ft",size per AISC 360 Ch.J (agent derives bolt/weld/plate from RAG); MF per A358
beam-end @ 200100/200200,270,shear (+moment if MF),"V=116.1 kip, M=889.5 kip-ft",size per AISC 360 Ch.J (agent derives bolt/weld/plate from RAG); MF per A358
beam-end @ 200200/200300,271,shear (+moment if MF),"V=116.1 kip, M=889.5 kip-ft",size per AISC 360 Ch.J (agent derives bolt/weld/plate from RAG); MF per A358
beam-end @ 200300/200400,272,shear (+moment if MF),"V=116.1 kip, M=889.6 kip-ft",size per AISC 360 Ch.J (agent derives bolt/weld/plate from RAG); MF per A358
beam-end @ 200400/200500,273,shear (+moment if MF),"V=116.1 kip, M=889.1 kip-ft",size per AISC 360 Ch.J (agent derives bolt/weld/plate from RAG); MF per A358
beam-end @ 200500/200600,274,shear (+moment if MF),"V=116.1 kip, M=985.2 kip-ft",size per AISC 360 Ch.J (agent derives bolt/weld/plate from RAG); MF per A358
beam-end @ 200001/200101,275,shear (+moment if MF),"V=116.1 kip, M=870.8 kip-ft",size per AISC 360 Ch.J (agent derives bolt/weld/plate from RAG); MF per A358
beam-end @ 200101/200201,276,shear (+moment if MF),"V=116.1 kip, M=870.8 kip-ft",size per AISC 360 Ch.J (agent derives bolt/weld/plate from RAG); MF per A358
beam-end @ 200201/200301,277,shear (+moment if MF),"V=116.1 kip, M=870.8 kip-ft",size per AISC 360 Ch.J (agent derives bolt/weld/plate from RAG); MF per A358
beam-end @ 200301/200401,278,shear (+moment if MF),"V=116.1 kip, M=870.8 kip-ft",size per AISC 360 Ch.J (agent derives bolt/weld/plate from RAG); MF per A358
beam-end @ 200401/200501,279,shear (+moment if MF),"V=116.1 kip, M=870.8 kip-ft",size per AISC 360 Ch.J (agent derives bolt/weld/plate from RAG); MF per A358
beam-end @ 200501/200601,280,shear (+moment if MF),"V=116.1 kip, M=870.8 kip-ft",size per AISC 360 Ch.J (agent derives bolt/weld/plate from RAG); MF per A358
beam-end @ 200002/200102,281,shear (+moment if MF),"V=116.1 kip, M=870.8 kip-ft",size per AISC 360 Ch.J (agent derives bolt/weld/plate from RAG); MF per A358
beam-end @ 200102/200202,282,shear (+moment if MF),"V=116.1 kip, M=870.8 kip-ft",size per AISC 360 Ch.J (agent derives bolt/weld/plate from RAG); MF per A358
beam-end @ 200202/200302,283,shear (+moment if MF),"V=116.1 kip, M=870.8 kip-ft",size per AISC 360 Ch.J (agent derives bolt/weld/plate from RAG); MF per A358
beam-end @ 200302/200402,284,shear (+moment if MF),"V=116.1 kip, M=870.8 kip-ft",size per AISC 360 Ch.J (agent derives bolt/weld/plate from RAG); MF per A358
beam-end @ 200402/200502,285,shear (+moment if MF),"V=116.1 kip, M=870.8 kip-ft",size per AISC 360 Ch.J (agent derives bolt/weld/plate from RAG); MF per A358
beam-end @ 200502/200602,286,shear (+moment if MF),"V=116.1 kip, M=870.8 kip-ft",size per AISC 360 Ch.J (agent derives bolt/weld/plate from RAG); MF per A358
beam-end @ 200003/200103,287,shear (+moment if MF),"V=116.1 kip, M=870.8 kip-ft",size per AISC 360 Ch.J (agent derives bolt/weld/plate from RAG); MF per A358
beam-end @ 200103/200203,288,shear (+moment if MF),"V=116.1 kip, M=870.8 kip-ft",size per AISC 360 Ch.J (agent derives bolt/weld/plate from RAG); MF per A358
beam-end @ 200203/200303,289,shear (+moment if MF),"V=116.1 kip, M=870.8 kip-ft",size per AISC 360 Ch.J (agent derives bolt/weld/plate from RAG); MF per A358
beam-end @ 200303/200403,290,shear (+moment if MF),"V=116.1 kip, M=870.8 kip-ft",size per AISC 360 Ch.J (agent derives bolt/weld/plate from RAG); MF per A358
beam-end @ 200403/200503,291,shear (+moment if MF),"V=116.1 kip, M=870.8 kip-ft",size per AISC 360 Ch.J (agent derives bolt/weld/plate from RAG); MF per A358
beam-end @ 200503/200603,292,shear (+moment if MF),"V=116.1 kip, M=870.8 kip-ft",size per AISC 360 Ch.J (agent derives bolt/weld/plate from RAG); MF per A358
beam-end @ 200004/200104,293,shear (+moment if MF),"V=116.1 kip, M=985.2 kip-ft",size per AISC 360 Ch.J (agent derives bolt/weld/plate from RAG); MF per A358
beam-end @ 200104/200204,294,shear (+moment if MF),"V=116.1 kip, M=889.1 kip-ft",size per AISC 360 Ch.J (agent derives bolt/weld/plate from RAG); MF per A358
beam-end @ 200204/200304,295,shear (+moment if MF),"V=116.1 kip, M=889.6 kip-ft",size per AISC 360 Ch.J (agent derives bolt/weld/plate from RAG); MF per A358
beam-end @ 200304/200404,296,shear (+moment if MF),"V=116.1 kip, M=889.5 kip-ft",size per AISC 360 Ch.J (agent derives bolt/weld/plate from RAG); MF per A358
beam-end @ 200404/200504,297,shear (+moment if MF),"V=116.1 kip, M=889.5 kip-ft",size per AISC 360 Ch.J (agent derives bolt/weld/plate from RAG); MF per A358
beam-end @ 200504/200604,298,shear (+moment if MF),"V=116.1 kip, M=973.7 kip-ft",size per AISC 360 Ch.J (agent derives bolt/weld/plate from RAG); MF per A358
beam-end @ 200000/200001,299,shear (+moment if MF),"V=116.1 kip, M=1323.2 kip-ft",size per AISC 360 Ch.J (agent derives bolt/weld/plate from RAG); MF per A358
beam-end @ 200001/200002,300,shear (+moment if MF),"V=116.1 kip, M=1423.4 kip-ft",size per AISC 360 Ch.J (agent derives bolt/weld/plate from RAG); MF per A358
beam-end @ 200002/200003,301,shear (+moment if MF),"V=116.1 kip, M=1421.6 kip-ft",size per AISC 360 Ch.J (agent derives bolt/weld/plate from RAG); MF per A358
beam-end @ 200003/200004,302,shear (+moment if MF),"V=116.1 kip, M=1333.6 kip-ft",size per AISC 360 Ch.J (agent derives bolt/weld/plate from RAG); MF per A358
beam-end @ 200100/200101,303,shear (+moment if MF),"V=116.1 kip, M=870.8 kip-ft",size per AISC 360 Ch.J (agent derives bolt/weld/plate from RAG); MF per A358
beam-end @ 200101/200102,304,shear (+moment if MF),"V=116.1 kip, M=870.8 kip-ft",size per AISC 360 Ch.J (agent derives bolt/weld/plate from RAG); MF per A358
beam-end @ 200102/200103,305,shear (+moment if MF),"V=116.1 kip, M=870.8 kip-ft",size per AISC 360 Ch.J (agent derives bolt/weld/plate from RAG); MF per A358
beam-end @ 200103/200104,306,shear (+moment if MF),"V=116.1 kip, M=870.8 kip-ft",size per AISC 360 Ch.J (agent derives bolt/weld/plate from RAG); MF per A358
beam-end @ 200200/200201,307,shear (+moment if MF),"V=116.1 kip, M=870.8 kip-ft",size per AISC 360 Ch.J (agent derives bolt/weld/plate from RAG); MF per A358
beam-end @ 200201/200202,308,shear (+moment if MF),"V=116.1 kip, M=870.8 kip-ft",size per AISC 360 Ch.J (agent derives bolt/weld/plate from RAG); MF per A358
beam-end @ 200202/200203,309,shear (+moment if MF),"V=116.1 kip, M=870.8 kip-ft",size per AISC 360 Ch.J (agent derives bolt/weld/plate from RAG); MF per A358
beam-end @ 200203/200204,310,shear (+moment if MF),"V=116.1 kip, M=870.8 kip-ft",size per AISC 360 Ch.J (agent derives bolt/weld/plate from RAG); MF per A358
beam-end @ 200300/200301,311,shear (+moment if MF),"V=116.1 kip, M=870.8 kip-ft",size per AISC 360 Ch.J (agent derives bolt/weld/plate from RAG); MF per A358
beam-end @ 200301/200302,312,shear (+moment if MF),"V=116.1 kip, M=870.8 kip-ft",size per AISC 360 Ch.J (agent derives bolt/weld/plate from RAG); MF per A358
beam-end @ 200302/200303,313,shear (+moment if MF),"V=116.1 kip, M=870.8 kip-ft",size per AISC 360 Ch.J (agent derives bolt/weld/plate from RAG); MF per A358
beam-end @ 200303/200304,314,shear (+moment if MF),"V=116.1 kip, M=870.8 kip-ft",size per AISC 360 Ch.J (agent derives bolt/weld/plate from RAG); MF per A358
beam-end @ 200400/200401,315,shear (+moment if MF),"V=116.1 kip, M=870.8 kip-ft",size per AISC 360 Ch.J (agent derives bolt/weld/plate from RAG); MF per A358
beam-end @ 200401/200402,316,shear (+moment if MF),"V=116.1 kip, M=870.8 kip-ft",size per AISC 360 Ch.J (agent derives bolt/weld/plate from RAG); MF per A358
beam-end @ 200402/200403,317,shear (+moment if MF),"V=116.1 kip, M=870.8 kip-ft",size per AISC 360 Ch.J (agent derives bolt/weld/plate from RAG); MF per A358
beam-end @ 200403/200404,318,shear (+moment if MF),"V=116.1 kip, M=870.8 kip-ft",size per AISC 360 Ch.J (agent derives bolt/weld/plate from RAG); MF per A358
beam-end @ 200500/200501,319,shear (+moment if MF),"V=116.1 kip, M=870.8 kip-ft",size per AISC 360 Ch.J (agent derives bolt/weld/plate from RAG); MF per A358
beam-end @ 200501/200502,320,shear (+moment if MF),"V=116.1 kip, M=870.8 kip-ft",size per AISC 360 Ch.J (agent derives bolt/weld/plate from RAG); MF per A358
beam-end @ 200502/200503,321,shear (+moment if MF),"V=116.1 kip, M=870.8 kip-ft",size per AISC 360 Ch.J (agent derives bolt/weld/plate from RAG); MF per A358
beam-end @ 200503/200504,322,shear (+moment if MF),"V=116.1 kip, M=870.8 kip-ft",size per AISC 360 Ch.J (agent derives bolt/weld/plate from RAG); MF per A358
beam-end @ 200600/200601,323,shear (+moment if MF),"V=116.1 kip, M=1333.6 kip-ft",size per AISC 360 Ch.J (agent derives bolt/weld/plate from RAG); MF per A358
beam-end @ 200601/200602,324,shear (+moment if MF),"V=116.1 kip, M=1421.6 kip-ft",size per AISC 360 Ch.J (agent derives bolt/weld/plate from RAG); MF per A358
beam-end @ 200602/200603,325,shear (+moment if MF),"V=116.1 kip, M=1423.4 kip-ft",size per AISC 360 Ch.J (agent derives bolt/weld/plate from RAG); MF per A358
beam-end @ 200603/200604,326,shear (+moment if MF),"V=116.1 kip, M=1323.2 kip-ft",size per AISC 360 Ch.J (agent derives bolt/weld/plate from RAG); MF per A358
beam-end @ 300000/300100,327,shear (+moment if MF),"V=116.1 kip, M=912.8 kip-ft",size per AISC 360 Ch.J (agent derives bolt/weld/plate from RAG); MF per A358
beam-end @ 300100/300200,328,shear (+moment if MF),"V=116.1 kip, M=870.8 kip-ft",size per AISC 360 Ch.J (agent derives bolt/weld/plate from RAG); MF per A358
beam-end @ 300200/300300,329,shear (+moment if MF),"V=116.1 kip, M=870.8 kip-ft",size per AISC 360 Ch.J (agent derives bolt/weld/plate from RAG); MF per A358
beam-end @ 300300/300400,330,shear (+moment if MF),"V=116.1 kip, M=870.8 kip-ft",size per AISC 360 Ch.J (agent derives bolt/weld/plate from RAG); MF per A358
beam-end @ 300400/300500,331,shear (+moment if MF),"V=116.1 kip, M=870.8 kip-ft",size per AISC 360 Ch.J (agent derives bolt/weld/plate from RAG); MF per A358
beam-end @ 300500/300600,332,shear (+moment if MF),"V=116.1 kip, M=927.4 kip-ft",size per AISC 360 Ch.J (agent derives bolt/weld/plate from RAG); MF per A358
beam-end @ 300001/300101,333,shear (+moment if MF),"V=116.1 kip, M=870.8 kip-ft",size per AISC 360 Ch.J (agent derives bolt/weld/plate from RAG); MF per A358
beam-end @ 300101/300201,334,shear (+moment if MF),"V=116.1 kip, M=870.8 kip-ft",size per AISC 360 Ch.J (agent derives bolt/weld/plate from RAG); MF per A358
beam-end @ 300201/300301,335,shear (+moment if MF),"V=116.1 kip, M=870.8 kip-ft",size per AISC 360 Ch.J (agent derives bolt/weld/plate from RAG); MF per A358
beam-end @ 300301/300401,336,shear (+moment if MF),"V=116.1 kip, M=870.8 kip-ft",size per AISC 360 Ch.J (agent derives bolt/weld/plate from RAG); MF per A358
beam-end @ 300401/300501,337,shear (+moment if MF),"V=116.1 kip, M=870.8 kip-ft",size per AISC 360 Ch.J (agent derives bolt/weld/plate from RAG); MF per A358
beam-end @ 300501/300601,338,shear (+moment if MF),"V=116.1 kip, M=870.8 kip-ft",size per AISC 360 Ch.J (agent derives bolt/weld/plate from RAG); MF per A358
beam-end @ 300002/300102,339,shear (+moment if MF),"V=116.1 kip, M=870.8 kip-ft",size per AISC 360 Ch.J (agent derives bolt/weld/plate from RAG); MF per A358
beam-end @ 300102/300202,340,shear (+moment if MF),"V=116.1 kip, M=870.8 kip-ft",size per AISC 360 Ch.J (agent derives bolt/weld/plate from RAG); MF per A358
beam-end @ 300202/300302,341,shear (+moment if MF),"V=116.1 kip, M=870.8 kip-ft",size per AISC 360 Ch.J (agent derives bolt/weld/plate from RAG); MF per A358
beam-end @ 300302/300402,342,shear (+moment if MF),"V=116.1 kip, M=870.8 kip-ft",size per AISC 360 Ch.J (agent derives bolt/weld/plate from RAG); MF per A358
beam-end @ 300402/300502,343,shear (+moment if MF),"V=116.1 kip, M=870.8 kip-ft",size per AISC 360 Ch.J (agent derives bolt/weld/plate from RAG); MF per A358
beam-end @ 300502/300602,344,shear (+moment if MF),"V=116.1 kip, M=870.8 kip-ft",size per AISC 360 Ch.J (agent derives bolt/weld/plate from RAG); MF per A358
beam-end @ 300003/300103,345,shear (+moment if MF),"V=116.1 kip, M=870.8 kip-ft",size per AISC 360 Ch.J (agent derives bolt/weld/plate from RAG); MF per A358
beam-end @ 300103/300203,346,shear (+moment if MF),"V=116.1 kip, M=870.8 kip-ft",size per AISC 360 Ch.J (agent derives bolt/weld/plate from RAG); MF per A358
beam-end @ 300203/300303,347,shear (+moment if MF),"V=116.1 kip, M=870.8 kip-ft",size per AISC 360 Ch.J (agent derives bolt/weld/plate from RAG); MF per A358
beam-end @ 300303/300403,348,shear (+moment if MF),"V=116.1 kip, M=870.8 kip-ft",size per AISC 360 Ch.J (agent derives bolt/weld/plate from RAG); MF per A358
beam-end @ 300403/300503,349,shear (+moment if MF),"V=116.1 kip, M=870.8 kip-ft",size per AISC 360 Ch.J (agent derives bolt/weld/plate from RAG); MF per A358
beam-end @ 300503/300603,350,shear (+moment if MF),"V=116.1 kip, M=870.8 kip-ft",size per AISC 360 Ch.J (agent derives bolt/weld/plate from RAG); MF per A358
beam-end @ 300004/300104,351,shear (+moment if MF),"V=116.1 kip, M=927.4 kip-ft",size per AISC 360 Ch.J (agent derives bolt/weld/plate from RAG); MF per A358
beam-end @ 300104/300204,352,shear (+moment if MF),"V=116.1 kip, M=870.8 kip-ft",size per AISC 360 Ch.J (agent derives bolt/weld/plate from RAG); MF per A358
beam-end @ 300204/300304,353,shear (+moment if MF),"V=116.1 kip, M=870.8 kip-ft",size per AISC 360 Ch.J (agent derives bolt/weld/plate from RAG); MF per A358
beam-end @ 300304/300404,354,shear (+moment if MF),"V=116.1 kip, M=870.8 kip-ft",size per AISC 360 Ch.J (agent derives bolt/weld/plate from RAG); MF per A358
beam-end @ 300404/300504,355,shear (+moment if MF),"V=116.1 kip, M=870.8 kip-ft",size per AISC 360 Ch.J (agent derives bolt/weld/plate from RAG); MF per A358
beam-end @ 300504/300604,356,shear (+moment if MF),"V=116.1 kip, M=912.8 kip-ft",size per AISC 360 Ch.J (agent derives bolt/weld/plate from RAG); MF per A358
beam-end @ 300000/300001,357,shear (+moment if MF),"V=116.1 kip, M=1191.4 kip-ft",size per AISC 360 Ch.J (agent derives bolt/weld/plate from RAG); MF per A358
beam-end @ 300001/300002,358,shear (+moment if MF),"V=116.1 kip, M=1281.2 kip-ft",size per AISC 360 Ch.J (agent derives bolt/weld/plate from RAG); MF per A358
beam-end @ 300002/300003,359,shear (+moment if MF),"V=116.1 kip, M=1278.5 kip-ft",size per AISC 360 Ch.J (agent derives bolt/weld/plate from RAG); MF per A358
beam-end @ 300003/300004,360,shear (+moment if MF),"V=116.1 kip, M=1204.5 kip-ft",size per AISC 360 Ch.J (agent derives bolt/weld/plate from RAG); MF per A358
beam-end @ 300100/300101,361,shear (+moment if MF),"V=116.1 kip, M=870.8 kip-ft",size per AISC 360 Ch.J (agent derives bolt/weld/plate from RAG); MF per A358
beam-end @ 300101/300102,362,shear (+moment if MF),"V=116.1 kip, M=870.8 kip-ft",size per AISC 360 Ch.J (agent derives bolt/weld/plate from RAG); MF per A358
beam-end @ 300102/300103,363,shear (+moment if MF),"V=116.1 kip, M=870.8 kip-ft",size per AISC 360 Ch.J (agent derives bolt/weld/plate from RAG); MF per A358
beam-end @ 300103/300104,364,shear (+moment if MF),"V=116.1 kip, M=870.8 kip-ft",size per AISC 360 Ch.J (agent derives bolt/weld/plate from RAG); MF per A358
beam-end @ 300200/300201,365,shear (+moment if MF),"V=116.1 kip, M=870.8 kip-ft",size per AISC 360 Ch.J (agent derives bolt/weld/plate from RAG); MF per A358
beam-end @ 300201/300202,366,shear (+moment if MF),"V=116.1 kip, M=870.8 kip-ft",size per AISC 360 Ch.J (agent derives bolt/weld/plate from RAG); MF per A358
beam-end @ 300202/300203,367,shear (+moment if MF),"V=116.1 kip, M=870.8 kip-ft",size per AISC 360 Ch.J (agent derives bolt/weld/plate from RAG); MF per A358
beam-end @ 300203/300204,368,shear (+moment if MF),"V=116.1 kip, M=870.8 kip-ft",size per AISC 360 Ch.J (agent derives bolt/weld/plate from RAG); MF per A358
beam-end @ 300300/300301,369,shear (+moment if MF),"V=116.1 kip, M=870.8 kip-ft",size per AISC 360 Ch.J (agent derives bolt/weld/plate from RAG); MF per A358
beam-end @ 300301/300302,370,shear (+moment if MF),"V=116.1 kip, M=870.8 kip-ft",size per AISC 360 Ch.J (agent derives bolt/weld/plate from RAG); MF per A358
beam-end @ 300302/300303,371,shear (+moment if MF),"V=116.1 kip, M=870.8 kip-ft",size per AISC 360 Ch.J (agent derives bolt/weld/plate from RAG); MF per A358
beam-end @ 300303/300304,372,shear (+moment if MF),"V=116.1 kip, M=870.8 kip-ft",size per AISC 360 Ch.J (agent derives bolt/weld/plate from RAG); MF per A358
beam-end @ 300400/300401,373,shear (+moment if MF),"V=116.1 kip, M=870.8 kip-ft",size per AISC 360 Ch.J (agent derives bolt/weld/plate from RAG); MF per A358
beam-end @ 300401/300402,374,shear (+moment if MF),"V=116.1 kip, M=870.8 kip-ft",size per AISC 360 Ch.J (agent derives bolt/weld/plate from RAG); MF per A358
beam-end @ 300402/300403,375,shear (+moment if MF),"V=116.1 kip, M=870.8 kip-ft",size per AISC 360 Ch.J (agent derives bolt/weld/plate from RAG); MF per A358
beam-end @ 300403/300404,376,shear (+moment if MF),"V=116.1 kip, M=870.8 kip-ft",size per AISC 360 Ch.J (agent derives bolt/weld/plate from RAG); MF per A358
beam-end @ 300500/300501,377,shear (+moment if MF),"V=116.1 kip, M=870.8 kip-ft",size per AISC 360 Ch.J (agent derives bolt/weld/plate from RAG); MF per A358
beam-end @ 300501/300502,378,shear (+moment if MF),"V=116.1 kip, M=870.8 kip-ft",size per AISC 360 Ch.J (agent derives bolt/weld/plate from RAG); MF per A358
beam-end @ 300502/300503,379,shear (+moment if MF),"V=116.1 kip, M=870.8 kip-ft",size per AISC 360 Ch.J (agent derives bolt/weld/plate from RAG); MF per A358
beam-end @ 300503/300504,380,shear (+moment if MF),"V=116.1 kip, M=870.8 kip-ft",size per AISC 360 Ch.J (agent derives bolt/weld/plate from RAG); MF per A358
beam-end @ 300600/300601,381,shear (+moment if MF),"V=116.1 kip, M=1204.5 kip-ft",size per AISC 360 Ch.J (agent derives bolt/weld/plate from RAG); MF per A358
beam-end @ 300601/300602,382,shear (+moment if MF),"V=116.1 kip, M=1278.5 kip-ft",size per AISC 360 Ch.J (agent derives bolt/weld/plate from RAG); MF per A358
beam-end @ 300602/300603,383,shear (+moment if MF),"V=116.1 kip, M=1281.2 kip-ft",size per AISC 360 Ch.J (agent derives bolt/weld/plate from RAG); MF per A358
beam-end @ 300603/300604,384,shear (+moment if MF),"V=116.1 kip, M=1191.4 kip-ft",size per AISC 360 Ch.J (agent derives bolt/weld/plate from RAG); MF per A358
beam-end @ 400000/400100,385,shear (+moment if MF),"V=116.1 kip, M=870.8 kip-ft",size per AISC 360 Ch.J (agent derives bolt/weld/plate from RAG); MF per A358
beam-end @ 400100/400200,386,shear (+moment if MF),"V=116.1 kip, M=870.8 kip-ft",size per AISC 360 Ch.J (agent derives bolt/weld/plate from RAG); MF per A358
beam-end @ 400200/400300,387,shear (+moment if MF),"V=116.1 kip, M=870.8 kip-ft",size per AISC 360 Ch.J (agent derives bolt/weld/plate from RAG); MF per A358
beam-end @ 400300/400400,388,shear (+moment if MF),"V=116.1 kip, M=870.8 kip-ft",size per AISC 360 Ch.J (agent derives bolt/weld/plate from RAG); MF per A358
beam-end @ 400400/400500,389,shear (+moment if MF),"V=116.1 kip, M=870.8 kip-ft",size per AISC 360 Ch.J (agent derives bolt/weld/plate from RAG); MF per A358
beam-end @ 400500/400600,390,shear (+moment if MF),"V=116.1 kip, M=870.8 kip-ft",size per AISC 360 Ch.J (agent derives bolt/weld/plate from RAG); MF per A358
beam-end @ 400001/400101,391,shear (+moment if MF),"V=116.1 kip, M=870.8 kip-ft",size per AISC 360 Ch.J (agent derives bolt/weld/plate from RAG); MF per A358
beam-end @ 400101/400201,392,shear (+moment if MF),"V=116.1 kip, M=870.8 kip-ft",size per AISC 360 Ch.J (agent derives bolt/weld/plate from RAG); MF per A358
beam-end @ 400201/400301,393,shear (+moment if MF),"V=116.1 kip, M=870.8 kip-ft",size per AISC 360 Ch.J (agent derives bolt/weld/plate from RAG); MF per A358
beam-end @ 400301/400401,394,shear (+moment if MF),"V=116.1 kip, M=870.8 kip-ft",size per AISC 360 Ch.J (agent derives bolt/weld/plate from RAG); MF per A358
beam-end @ 400401/400501,395,shear (+moment if MF),"V=116.1 kip, M=870.8 kip-ft",size per AISC 360 Ch.J (agent derives bolt/weld/plate from RAG); MF per A358
beam-end @ 400501/400601,396,shear (+moment if MF),"V=116.1 kip, M=870.8 kip-ft",size per AISC 360 Ch.J (agent derives bolt/weld/plate from RAG); MF per A358
beam-end @ 400002/400102,397,shear (+moment if MF),"V=116.1 kip, M=870.8 kip-ft",size per AISC 360 Ch.J (agent derives bolt/weld/plate from RAG); MF per A358
beam-end @ 400102/400202,398,shear (+moment if MF),"V=116.1 kip, M=870.8 kip-ft",size per AISC 360 Ch.J (agent derives bolt/weld/plate from RAG); MF per A358
beam-end @ 400202/400302,399,shear (+moment if MF),"V=116.1 kip, M=870.8 kip-ft",size per AISC 360 Ch.J (agent derives bolt/weld/plate from RAG); MF per A358
beam-end @ 400302/400402,400,shear (+moment if MF),"V=116.1 kip, M=870.8 kip-ft",size per AISC 360 Ch.J (agent derives bolt/weld/plate from RAG); MF per A358
beam-end @ 400402/400502,401,shear (+moment if MF),"V=116.1 kip, M=870.8 kip-ft",size per AISC 360 Ch.J (agent derives bolt/weld/plate from RAG); MF per A358
beam-end @ 400502/400602,402,shear (+moment if MF),"V=116.1 kip, M=870.8 kip-ft",size per AISC 360 Ch.J (agent derives bolt/weld/plate from RAG); MF per A358
beam-end @ 400003/400103,403,shear (+moment if MF),"V=116.1 kip, M=870.8 kip-ft",size per AISC 360 Ch.J (agent derives bolt/weld/plate from RAG); MF per A358
beam-end @ 400103/400203,404,shear (+moment if MF),"V=116.1 kip, M=870.8 kip-ft",size per AISC 360 Ch.J (agent derives bolt/weld/plate from RAG); MF per A358
beam-end @ 400203/400303,405,shear (+moment if MF),"V=116.1 kip, M=870.8 kip-ft",size per AISC 360 Ch.J (agent derives bolt/weld/plate from RAG); MF per A358
beam-end @ 400303/400403,406,shear (+moment if MF),"V=116.1 kip, M=870.8 kip-ft",size per AISC 360 Ch.J (agent derives bolt/weld/plate from RAG); MF per A358
beam-end @ 400403/400503,407,shear (+moment if MF),"V=116.1 kip, M=870.8 kip-ft",size per AISC 360 Ch.J (agent derives bolt/weld/plate from RAG); MF per A358
beam-end @ 400503/400603,408,shear (+moment if MF),"V=116.1 kip, M=870.8 kip-ft",size per AISC 360 Ch.J (agent derives bolt/weld/plate from RAG); MF per A358
beam-end @ 400004/400104,409,shear (+moment if MF),"V=116.1 kip, M=870.8 kip-ft",size per AISC 360 Ch.J (agent derives bolt/weld/plate from RAG); MF per A358
beam-end @ 400104/400204,410,shear (+moment if MF),"V=116.1 kip, M=870.8 kip-ft",size per AISC 360 Ch.J (agent derives bolt/weld/plate from RAG); MF per A358
beam-end @ 400204/400304,411,shear (+moment if MF),"V=116.1 kip, M=870.8 kip-ft",size per AISC 360 Ch.J (agent derives bolt/weld/plate from RAG); MF per A358
beam-end @ 400304/400404,412,shear (+moment if MF),"V=116.1 kip, M=870.8 kip-ft",size per AISC 360 Ch.J (agent derives bolt/weld/plate from RAG); MF per A358
beam-end @ 400404/400504,413,shear (+moment if MF),"V=116.1 kip, M=870.8 kip-ft",size per AISC 360 Ch.J (agent derives bolt/weld/plate from RAG); MF per A358
beam-end @ 400504/400604,414,shear (+moment if MF),"V=116.1 kip, M=870.8 kip-ft",size per AISC 360 Ch.J (agent derives bolt/weld/plate from RAG); MF per A358
beam-end @ 400000/400001,415,shear (+moment if MF),"V=116.1 kip, M=952.6 kip-ft",size per AISC 360 Ch.J (agent derives bolt/weld/plate from RAG); MF per A358
beam-end @ 400001/400002,416,shear (+moment if MF),"V=116.1 kip, M=1032.8 kip-ft",size per AISC 360 Ch.J (agent derives bolt/weld/plate from RAG); MF per A358
beam-end @ 400002/400003,417,shear (+moment if MF),"V=116.1 kip, M=1030.9 kip-ft",size per AISC 360 Ch.J (agent derives bolt/weld/plate from RAG); MF per A358
beam-end @ 400003/400004,418,shear (+moment if MF),"V=116.1 kip, M=964.7 kip-ft",size per AISC 360 Ch.J (agent derives bolt/weld/plate from RAG); MF per A358
beam-end @ 400100/400101,419,shear (+moment if MF),"V=116.1 kip, M=870.8 kip-ft",size per AISC 360 Ch.J (agent derives bolt/weld/plate from RAG); MF per A358
beam-end @ 400101/400102,420,shear (+moment if MF),"V=116.1 kip, M=870.8 kip-ft",size per AISC 360 Ch.J (agent derives bolt/weld/plate from RAG); MF per A358
beam-end @ 400102/400103,421,shear (+moment if MF),"V=116.1 kip, M=870.8 kip-ft",size per AISC 360 Ch.J (agent derives bolt/weld/plate from RAG); MF per A358
beam-end @ 400103/400104,422,shear (+moment if MF),"V=116.1 kip, M=870.8 kip-ft",size per AISC 360 Ch.J (agent derives bolt/weld/plate from RAG); MF per A358
beam-end @ 400200/400201,423,shear (+moment if MF),"V=116.1 kip, M=870.8 kip-ft",size per AISC 360 Ch.J (agent derives bolt/weld/plate from RAG); MF per A358
beam-end @ 400201/400202,424,shear (+moment if MF),"V=116.1 kip, M=870.8 kip-ft",size per AISC 360 Ch.J (agent derives bolt/weld/plate from RAG); MF per A358
beam-end @ 400202/400203,425,shear (+moment if MF),"V=116.1 kip, M=870.8 kip-ft",size per AISC 360 Ch.J (agent derives bolt/weld/plate from RAG); MF per A358
beam-end @ 400203/400204,426,shear (+moment if MF),"V=116.1 kip, M=870.8 kip-ft",size per AISC 360 Ch.J (agent derives bolt/weld/plate from RAG); MF per A358
beam-end @ 400300/400301,427,shear (+moment if MF),"V=116.1 kip, M=870.8 kip-ft",size per AISC 360 Ch.J (agent derives bolt/weld/plate from RAG); MF per A358
beam-end @ 400301/400302,428,shear (+moment if MF),"V=116.1 kip, M=870.8 kip-ft",size per AISC 360 Ch.J (agent derives bolt/weld/plate from RAG); MF per A358
beam-end @ 400302/400303,429,shear (+moment if MF),"V=116.1 kip, M=870.8 kip-ft",size per AISC 360 Ch.J (agent derives bolt/weld/plate from RAG); MF per A358
beam-end @ 400303/400304,430,shear (+moment if MF),"V=116.1 kip, M=870.8 kip-ft",size per AISC 360 Ch.J (agent derives bolt/weld/plate from RAG); MF per A358
beam-end @ 400400/400401,431,shear (+moment if MF),"V=116.1 kip, M=870.8 kip-ft",size per AISC 360 Ch.J (agent derives bolt/weld/plate from RAG); MF per A358
beam-end @ 400401/400402,432,shear (+moment if MF),"V=116.1 kip, M=870.8 kip-ft",size per AISC 360 Ch.J (agent derives bolt/weld/plate from RAG); MF per A358
beam-end @ 400402/400403,433,shear (+moment if MF),"V=116.1 kip, M=870.8 kip-ft",size per AISC 360 Ch.J (agent derives bolt/weld/plate from RAG); MF per A358
beam-end @ 400403/400404,434,shear (+moment if MF),"V=116.1 kip, M=870.8 kip-ft",size per AISC 360 Ch.J (agent derives bolt/weld/plate from RAG); MF per A358
beam-end @ 400500/400501,435,shear (+moment if MF),"V=116.1 kip, M=870.8 kip-ft",size per AISC 360 Ch.J (agent derives bolt/weld/plate from RAG); MF per A358
beam-end @ 400501/400502,436,shear (+moment if MF),"V=116.1 kip, M=870.8 kip-ft",size per AISC 360 Ch.J (agent derives bolt/weld/plate from RAG); MF per A358
beam-end @ 400502/400503,437,shear (+moment if MF),"V=116.1 kip, M=870.8 kip-ft",size per AISC 360 Ch.J (agent derives bolt/weld/plate from RAG); MF per A358
beam-end @ 400503/400504,438,shear (+moment if MF),"V=116.1 kip, M=870.8 kip-ft",size per AISC 360 Ch.J (agent derives bolt/weld/plate from RAG); MF per A358
beam-end @ 400600/400601,439,shear (+moment if MF),"V=116.1 kip, M=964.7 kip-ft",size per AISC 360 Ch.J (agent derives bolt/weld/plate from RAG); MF per A358
beam-end @ 400601/400602,440,shear (+moment if MF),"V=116.1 kip, M=1030.9 kip-ft",size per AISC 360 Ch.J (agent derives bolt/weld/plate from RAG); MF per A358
beam-end @ 400602/400603,441,shear (+moment if MF),"V=116.1 kip, M=1032.8 kip-ft",size per AISC 360 Ch.J (agent derives bolt/weld/plate from RAG); MF per A358
beam-end @ 400603/400604,442,shear (+moment if MF),"V=116.1 kip, M=952.6 kip-ft",size per AISC 360 Ch.J (agent derives bolt/weld/plate from RAG); MF per A358
beam-end @ 500000/500100,443,shear (+moment if MF),"V=116.1 kip, M=870.8 kip-ft",size per AISC 360 Ch.J (agent derives bolt/weld/plate from RAG); MF per A358
beam-end @ 500100/500200,444,shear (+moment if MF),"V=116.1 kip, M=870.8 kip-ft",size per AISC 360 Ch.J (agent derives bolt/weld/plate from RAG); MF per A358
beam-end @ 500200/500300,445,shear (+moment if MF),"V=116.1 kip, M=870.8 kip-ft",size per AISC 360 Ch.J (agent derives bolt/weld/plate from RAG); MF per A358
beam-end @ 500300/500400,446,shear (+moment if MF),"V=116.1 kip, M=870.8 kip-ft",size per AISC 360 Ch.J (agent derives bolt/weld/plate from RAG); MF per A358
beam-end @ 500400/500500,447,shear (+moment if MF),"V=116.1 kip, M=870.8 kip-ft",size per AISC 360 Ch.J (agent derives bolt/weld/plate from RAG); MF per A358
beam-end @ 500500/500600,448,shear (+moment if MF),"V=116.1 kip, M=870.8 kip-ft",size per AISC 360 Ch.J (agent derives bolt/weld/plate from RAG); MF per A358
beam-end @ 500001/500101,449,shear (+moment if MF),"V=116.1 kip, M=870.8 kip-ft",size per AISC 360 Ch.J (agent derives bolt/weld/plate from RAG); MF per A358
beam-end @ 500101/500201,450,shear (+moment if MF),"V=116.1 kip, M=870.8 kip-ft",size per AISC 360 Ch.J (agent derives bolt/weld/plate from RAG); MF per A358
beam-end @ 500201/500301,451,shear (+moment if MF),"V=116.1 kip, M=870.8 kip-ft",size per AISC 360 Ch.J (agent derives bolt/weld/plate from RAG); MF per A358
beam-end @ 500301/500401,452,shear (+moment if MF),"V=116.1 kip, M=870.8 kip-ft",size per AISC 360 Ch.J (agent derives bolt/weld/plate from RAG); MF per A358
beam-end @ 500401/500501,453,shear (+moment if MF),"V=116.1 kip, M=870.8 kip-ft",size per AISC 360 Ch.J (agent derives bolt/weld/plate from RAG); MF per A358
beam-end @ 500501/500601,454,shear (+moment if MF),"V=116.1 kip, M=870.8 kip-ft",size per AISC 360 Ch.J (agent derives bolt/weld/plate from RAG); MF per A358
beam-end @ 500002/500102,455,shear (+moment if MF),"V=116.1 kip, M=870.8 kip-ft",size per AISC 360 Ch.J (agent derives bolt/weld/plate from RAG); MF per A358
beam-end @ 500102/500202,456,shear (+moment if MF),"V=116.1 kip, M=870.8 kip-ft",size per AISC 360 Ch.J (agent derives bolt/weld/plate from RAG); MF per A358
beam-end @ 500202/500302,457,shear (+moment if MF),"V=116.1 kip, M=870.8 kip-ft",size per AISC 360 Ch.J (agent derives bolt/weld/plate from RAG); MF per A358
beam-end @ 500302/500402,458,shear (+moment if MF),"V=116.1 kip, M=870.8 kip-ft",size per AISC 360 Ch.J (agent derives bolt/weld/plate from RAG); MF per A358
beam-end @ 500402/500502,459,shear (+moment if MF),"V=116.1 kip, M=870.8 kip-ft",size per AISC 360 Ch.J (agent derives bolt/weld/plate from RAG); MF per A358
beam-end @ 500502/500602,460,shear (+moment if MF),"V=116.1 kip, M=870.8 kip-ft",size per AISC 360 Ch.J (agent derives bolt/weld/plate from RAG); MF per A358
beam-end @ 500003/500103,461,shear (+moment if MF),"V=116.1 kip, M=870.8 kip-ft",size per AISC 360 Ch.J (agent derives bolt/weld/plate from RAG); MF per A358
beam-end @ 500103/500203,462,shear (+moment if MF),"V=116.1 kip, M=870.8 kip-ft",size per AISC 360 Ch.J (agent derives bolt/weld/plate from RAG); MF per A358
beam-end @ 500203/500303,463,shear (+moment if MF),"V=116.1 kip, M=870.8 kip-ft",size per AISC 360 Ch.J (agent derives bolt/weld/plate from RAG); MF per A358
beam-end @ 500303/500403,464,shear (+moment if MF),"V=116.1 kip, M=870.8 kip-ft",size per AISC 360 Ch.J (agent derives bolt/weld/plate from RAG); MF per A358
beam-end @ 500403/500503,465,shear (+moment if MF),"V=116.1 kip, M=870.8 kip-ft",size per AISC 360 Ch.J (agent derives bolt/weld/plate from RAG); MF per A358
beam-end @ 500503/500603,466,shear (+moment if MF),"V=116.1 kip, M=870.8 kip-ft",size per AISC 360 Ch.J (agent derives bolt/weld/plate from RAG); MF per A358
beam-end @ 500004/500104,467,shear (+moment if MF),"V=116.1 kip, M=870.8 kip-ft",size per AISC 360 Ch.J (agent derives bolt/weld/plate from RAG); MF per A358
beam-end @ 500104/500204,468,shear (+moment if MF),"V=116.1 kip, M=870.8 kip-ft",size per AISC 360 Ch.J (agent derives bolt/weld/plate from RAG); MF per A358
beam-end @ 500204/500304,469,shear (+moment if MF),"V=116.1 kip, M=870.8 kip-ft",size per AISC 360 Ch.J (agent derives bolt/weld/plate from RAG); MF per A358
beam-end @ 500304/500404,470,shear (+moment if MF),"V=116.1 kip, M=870.8 kip-ft",size per AISC 360 Ch.J (agent derives bolt/weld/plate from RAG); MF per A358
beam-end @ 500404/500504,471,shear (+moment if MF),"V=116.1 kip, M=870.8 kip-ft",size per AISC 360 Ch.J (agent derives bolt/weld/plate from RAG); MF per A358
beam-end @ 500504/500604,472,shear (+moment if MF),"V=116.1 kip, M=870.8 kip-ft",size per AISC 360 Ch.J (agent derives bolt/weld/plate from RAG); MF per A358
beam-end @ 500000/500001,473,shear (+moment if MF),"V=116.1 kip, M=870.8 kip-ft",size per AISC 360 Ch.J (agent derives bolt/weld/plate from RAG); MF per A358
beam-end @ 500001/500002,474,shear (+moment if MF),"V=116.1 kip, M=870.8 kip-ft",size per AISC 360 Ch.J (agent derives bolt/weld/plate from RAG); MF per A358
beam-end @ 500002/500003,475,shear (+moment if MF),"V=116.1 kip, M=870.8 kip-ft",size per AISC 360 Ch.J (agent derives bolt/weld/plate from RAG); MF per A358
beam-end @ 500003/500004,476,shear (+moment if MF),"V=116.1 kip, M=870.8 kip-ft",size per AISC 360 Ch.J (agent derives bolt/weld/plate from RAG); MF per A358
beam-end @ 500100/500101,477,shear (+moment if MF),"V=116.1 kip, M=870.8 kip-ft",size per AISC 360 Ch.J (agent derives bolt/weld/plate from RAG); MF per A358
beam-end @ 500101/500102,478,shear (+moment if MF),"V=116.1 kip, M=870.8 kip-ft",size per AISC 360 Ch.J (agent derives bolt/weld/plate from RAG); MF per A358
beam-end @ 500102/500103,479,shear (+moment if MF),"V=116.1 kip, M=870.8 kip-ft",size per AISC 360 Ch.J (agent derives bolt/weld/plate from RAG); MF per A358
beam-end @ 500103/500104,480,shear (+moment if MF),"V=116.1 kip, M=870.8 kip-ft",size per AISC 360 Ch.J (agent derives bolt/weld/plate from RAG); MF per A358
beam-end @ 500200/500201,481,shear (+moment if MF),"V=116.1 kip, M=870.8 kip-ft",size per AISC 360 Ch.J (agent derives bolt/weld/plate from RAG); MF per A358
beam-end @ 500201/500202,482,shear (+moment if MF),"V=116.1 kip, M=870.8 kip-ft",size per AISC 360 Ch.J (agent derives bolt/weld/plate from RAG); MF per A358
beam-end @ 500202/500203,483,shear (+moment if MF),"V=116.1 kip, M=870.8 kip-ft",size per AISC 360 Ch.J (agent derives bolt/weld/plate from RAG); MF per A358
beam-end @ 500203/500204,484,shear (+moment if MF),"V=116.1 kip, M=870.8 kip-ft",size per AISC 360 Ch.J (agent derives bolt/weld/plate from RAG); MF per A358
beam-end @ 500300/500301,485,shear (+moment if MF),"V=116.1 kip, M=870.8 kip-ft",size per AISC 360 Ch.J (agent derives bolt/weld/plate from RAG); MF per A358
beam-end @ 500301/500302,486,shear (+moment if MF),"V=116.1 kip, M=870.8 kip-ft",size per AISC 360 Ch.J (agent derives bolt/weld/plate from RAG); MF per A358
beam-end @ 500302/500303,487,shear (+moment if MF),"V=116.1 kip, M=870.8 kip-ft",size per AISC 360 Ch.J (agent derives bolt/weld/plate from RAG); MF per A358
beam-end @ 500303/500304,488,shear (+moment if MF),"V=116.1 kip, M=870.8 kip-ft",size per AISC 360 Ch.J (agent derives bolt/weld/plate from RAG); MF per A358
beam-end @ 500400/500401,489,shear (+moment if MF),"V=116.1 kip, M=870.8 kip-ft",size per AISC 360 Ch.J (agent derives bolt/weld/plate from RAG); MF per A358
beam-end @ 500401/500402,490,shear (+moment if MF),"V=116.1 kip, M=870.8 kip-ft",size per AISC 360 Ch.J (agent derives bolt/weld/plate from RAG); MF per A358
beam-end @ 500402/500403,491,shear (+moment if MF),"V=116.1 kip, M=870.8 kip-ft",size per AISC 360 Ch.J (agent derives bolt/weld/plate from RAG); MF per A358
beam-end @ 500403/500404,492,shear (+moment if MF),"V=116.1 kip, M=870.8 kip-ft",size per AISC 360 Ch.J (agent derives bolt/weld/plate from RAG); MF per A358
beam-end @ 500500/500501,493,shear (+moment if MF),"V=116.1 kip, M=870.8 kip-ft",size per AISC 360 Ch.J (agent derives bolt/weld/plate from RAG); MF per A358
beam-end @ 500501/500502,494,shear (+moment if MF),"V=116.1 kip, M=870.8 kip-ft",size per AISC 360 Ch.J (agent derives bolt/weld/plate from RAG); MF per A358
beam-end @ 500502/500503,495,shear (+moment if MF),"V=116.1 kip, M=870.8 kip-ft",size per AISC 360 Ch.J (agent derives bolt/weld/plate from RAG); MF per A358
beam-end @ 500503/500504,496,shear (+moment if MF),"V=116.1 kip, M=870.8 kip-ft",size per AISC 360 Ch.J (agent derives bolt/weld/plate from RAG); MF per A358
beam-end @ 500600/500601,497,shear (+moment if MF),"V=116.1 kip, M=870.8 kip-ft",size per AISC 360 Ch.J (agent derives bolt/weld/plate from RAG); MF per A358
beam-end @ 500601/500602,498,shear (+moment if MF),"V=116.1 kip, M=870.8 kip-ft",size per AISC 360 Ch.J (agent derives bolt/weld/plate from RAG); MF per A358
beam-end @ 500602/500603,499,shear (+moment if MF),"V=116.1 kip, M=870.8 kip-ft",size per AISC 360 Ch.J (agent derives bolt/weld/plate from RAG); MF per A358
beam-end @ 500603/500604,500,shear (+moment if MF),"V=116.1 kip, M=870.8 kip-ft",size per AISC 360 Ch.J (agent derives bolt/weld/plate from RAG); MF per A358
beam-end @ 600000/600100,501,shear (+moment if MF),"V=65.7 kip, M=492.8 kip-ft",size per AISC 360 Ch.J (agent derives bolt/weld/plate from RAG); MF per A358
beam-end @ 600100/600200,502,shear (+moment if MF),"V=65.7 kip, M=492.8 kip-ft",size per AISC 360 Ch.J (agent derives bolt/weld/plate from RAG); MF per A358
beam-end @ 600200/600300,503,shear (+moment if MF),"V=65.7 kip, M=492.8 kip-ft",size per AISC 360 Ch.J (agent derives bolt/weld/plate from RAG); MF per A358
beam-end @ 600300/600400,504,shear (+moment if MF),"V=65.7 kip, M=492.8 kip-ft",size per AISC 360 Ch.J (agent derives bolt/weld/plate from RAG); MF per A358
beam-end @ 600400/600500,505,shear (+moment if MF),"V=65.7 kip, M=492.8 kip-ft",size per AISC 360 Ch.J (agent derives bolt/weld/plate from RAG); MF per A358
beam-end @ 600500/600600,506,shear (+moment if MF),"V=65.7 kip, M=492.8 kip-ft",size per AISC 360 Ch.J (agent derives bolt/weld/plate from RAG); MF per A358
beam-end @ 600001/600101,507,shear (+moment if MF),"V=65.7 kip, M=492.8 kip-ft",size per AISC 360 Ch.J (agent derives bolt/weld/plate from RAG); MF per A358
beam-end @ 600101/600201,508,shear (+moment if MF),"V=65.7 kip, M=492.8 kip-ft",size per AISC 360 Ch.J (agent derives bolt/weld/plate from RAG); MF per A358
beam-end @ 600201/600301,509,shear (+moment if MF),"V=65.7 kip, M=492.8 kip-ft",size per AISC 360 Ch.J (agent derives bolt/weld/plate from RAG); MF per A358
beam-end @ 600301/600401,510,shear (+moment if MF),"V=65.7 kip, M=492.8 kip-ft",size per AISC 360 Ch.J (agent derives bolt/weld/plate from RAG); MF per A358
beam-end @ 600401/600501,511,shear (+moment if MF),"V=65.7 kip, M=492.8 kip-ft",size per AISC 360 Ch.J (agent derives bolt/weld/plate from RAG); MF per A358
beam-end @ 600501/600601,512,shear (+moment if MF),"V=65.7 kip, M=492.8 kip-ft",size per AISC 360 Ch.J (agent derives bolt/weld/plate from RAG); MF per A358
beam-end @ 600002/600102,513,shear (+moment if MF),"V=65.7 kip, M=492.8 kip-ft",size per AISC 360 Ch.J (agent derives bolt/weld/plate from RAG); MF per A358
beam-end @ 600102/600202,514,shear (+moment if MF),"V=65.7 kip, M=492.8 kip-ft",size per AISC 360 Ch.J (agent derives bolt/weld/plate from RAG); MF per A358
beam-end @ 600202/600302,515,shear (+moment if MF),"V=65.7 kip, M=492.8 kip-ft",size per AISC 360 Ch.J (agent derives bolt/weld/plate from RAG); MF per A358
beam-end @ 600302/600402,516,shear (+moment if MF),"V=65.7 kip, M=492.8 kip-ft",size per AISC 360 Ch.J (agent derives bolt/weld/plate from RAG); MF per A358
beam-end @ 600402/600502,517,shear (+moment if MF),"V=65.7 kip, M=492.8 kip-ft",size per AISC 360 Ch.J (agent derives bolt/weld/plate from RAG); MF per A358
beam-end @ 600502/600602,518,shear (+moment if MF),"V=65.7 kip, M=492.8 kip-ft",size per AISC 360 Ch.J (agent derives bolt/weld/plate from RAG); MF per A358
beam-end @ 600003/600103,519,shear (+moment if MF),"V=65.7 kip, M=492.8 kip-ft",size per AISC 360 Ch.J (agent derives bolt/weld/plate from RAG); MF per A358
beam-end @ 600103/600203,520,shear (+moment if MF),"V=65.7 kip, M=492.8 kip-ft",size per AISC 360 Ch.J (agent derives bolt/weld/plate from RAG); MF per A358
beam-end @ 600203/600303,521,shear (+moment if MF),"V=65.7 kip, M=492.8 kip-ft",size per AISC 360 Ch.J (agent derives bolt/weld/plate from RAG); MF per A358
beam-end @ 600303/600403,522,shear (+moment if MF),"V=65.7 kip, M=492.8 kip-ft",size per AISC 360 Ch.J (agent derives bolt/weld/plate from RAG); MF per A358
beam-end @ 600403/600503,523,shear (+moment if MF),"V=65.7 kip, M=492.8 kip-ft",size per AISC 360 Ch.J (agent derives bolt/weld/plate from RAG); MF per A358
beam-end @ 600503/600603,524,shear (+moment if MF),"V=65.7 kip, M=492.8 kip-ft",size per AISC 360 Ch.J (agent derives bolt/weld/plate from RAG); MF per A358
beam-end @ 600004/600104,525,shear (+moment if MF),"V=65.7 kip, M=492.8 kip-ft",size per AISC 360 Ch.J (agent derives bolt/weld/plate from RAG); MF per A358
beam-end @ 600104/600204,526,shear (+moment if MF),"V=65.7 kip, M=492.8 kip-ft",size per AISC 360 Ch.J (agent derives bolt/weld/plate from RAG); MF per A358
beam-end @ 600204/600304,527,shear (+moment if MF),"V=65.7 kip, M=492.8 kip-ft",size per AISC 360 Ch.J (agent derives bolt/weld/plate from RAG); MF per A358
beam-end @ 600304/600404,528,shear (+moment if MF),"V=65.7 kip, M=492.8 kip-ft",size per AISC 360 Ch.J (agent derives bolt/weld/plate from RAG); MF per A358
beam-end @ 600404/600504,529,shear (+moment if MF),"V=65.7 kip, M=492.8 kip-ft",size per AISC 360 Ch.J (agent derives bolt/weld/plate from RAG); MF per A358
beam-end @ 600504/600604,530,shear (+moment if MF),"V=65.7 kip, M=492.8 kip-ft",size per AISC 360 Ch.J (agent derives bolt/weld/plate from RAG); MF per A358
beam-end @ 600000/600001,531,shear (+moment if MF),"V=65.7 kip, M=492.8 kip-ft",size per AISC 360 Ch.J (agent derives bolt/weld/plate from RAG); MF per A358
beam-end @ 600001/600002,532,shear (+moment if MF),"V=65.7 kip, M=492.8 kip-ft",size per AISC 360 Ch.J (agent derives bolt/weld/plate from RAG); MF per A358
beam-end @ 600002/600003,533,shear (+moment if MF),"V=65.7 kip, M=492.8 kip-ft",size per AISC 360 Ch.J (agent derives bolt/weld/plate from RAG); MF per A358
beam-end @ 600003/600004,534,shear (+moment if MF),"V=65.7 kip, M=492.8 kip-ft",size per AISC 360 Ch.J (agent derives bolt/weld/plate from RAG); MF per A358
beam-end @ 600100/600101,535,shear (+moment if MF),"V=65.7 kip, M=492.8 kip-ft",size per AISC 360 Ch.J (agent derives bolt/weld/plate from RAG); MF per A358
beam-end @ 600101/600102,536,shear (+moment if MF),"V=65.7 kip, M=492.8 kip-ft",size per AISC 360 Ch.J (agent derives bolt/weld/plate from RAG); MF per A358
beam-end @ 600102/600103,537,shear (+moment if MF),"V=65.7 kip, M=492.8 kip-ft",size per AISC 360 Ch.J (agent derives bolt/weld/plate from RAG); MF per A358
beam-end @ 600103/600104,538,shear (+moment if MF),"V=65.7 kip, M=492.8 kip-ft",size per AISC 360 Ch.J (agent derives bolt/weld/plate from RAG); MF per A358
beam-end @ 600200/600201,539,shear (+moment if MF),"V=65.7 kip, M=492.8 kip-ft",size per AISC 360 Ch.J (agent derives bolt/weld/plate from RAG); MF per A358
beam-end @ 600201/600202,540,shear (+moment if MF),"V=65.7 kip, M=492.8 kip-ft",size per AISC 360 Ch.J (agent derives bolt/weld/plate from RAG); MF per A358
beam-end @ 600202/600203,541,shear (+moment if MF),"V=65.7 kip, M=492.8 kip-ft",size per AISC 360 Ch.J (agent derives bolt/weld/plate from RAG); MF per A358
beam-end @ 600203/600204,542,shear (+moment if MF),"V=65.7 kip, M=492.8 kip-ft",size per AISC 360 Ch.J (agent derives bolt/weld/plate from RAG); MF per A358
beam-end @ 600300/600301,543,shear (+moment if MF),"V=65.7 kip, M=492.8 kip-ft",size per AISC 360 Ch.J (agent derives bolt/weld/plate from RAG); MF per A358
beam-end @ 600301/600302,544,shear (+moment if MF),"V=65.7 kip, M=492.8 kip-ft",size per AISC 360 Ch.J (agent derives bolt/weld/plate from RAG); MF per A358
beam-end @ 600302/600303,545,shear (+moment if MF),"V=65.7 kip, M=492.8 kip-ft",size per AISC 360 Ch.J (agent derives bolt/weld/plate from RAG); MF per A358
beam-end @ 600303/600304,546,shear (+moment if MF),"V=65.7 kip, M=492.8 kip-ft",size per AISC 360 Ch.J (agent derives bolt/weld/plate from RAG); MF per A358
beam-end @ 600400/600401,547,shear (+moment if MF),"V=65.7 kip, M=492.8 kip-ft",size per AISC 360 Ch.J (agent derives bolt/weld/plate from RAG); MF per A358
beam-end @ 600401/600402,548,shear (+moment if MF),"V=65.7 kip, M=492.8 kip-ft",size per AISC 360 Ch.J (agent derives bolt/weld/plate from RAG); MF per A358
beam-end @ 600402/600403,549,shear (+moment if MF),"V=65.7 kip, M=492.8 kip-ft",size per AISC 360 Ch.J (agent derives bolt/weld/plate from RAG); MF per A358
beam-end @ 600403/600404,550,shear (+moment if MF),"V=65.7 kip, M=492.8 kip-ft",size per AISC 360 Ch.J (agent derives bolt/weld/plate from RAG); MF per A358
beam-end @ 600500/600501,551,shear (+moment if MF),"V=65.7 kip, M=492.8 kip-ft",size per AISC 360 Ch.J (agent derives bolt/weld/plate from RAG); MF per A358
beam-end @ 600501/600502,552,shear (+moment if MF),"V=65.7 kip, M=492.8 kip-ft",size per AISC 360 Ch.J (agent derives bolt/weld/plate from RAG); MF per A358
beam-end @ 600502/600503,553,shear (+moment if MF),"V=65.7 kip, M=492.8 kip-ft",size per AISC 360 Ch.J (agent derives bolt/weld/plate from RAG); MF per A358
beam-end @ 600503/600504,554,shear (+moment if MF),"V=65.7 kip, M=492.8 kip-ft",size per AISC 360 Ch.J (agent derives bolt/weld/plate from RAG); MF per A358
beam-end @ 600600/600601,555,shear (+moment if MF),"V=65.7 kip, M=492.8 kip-ft",size per AISC 360 Ch.J (agent derives bolt/weld/plate from RAG); MF per A358
beam-end @ 600601/600602,556,shear (+moment if MF),"V=65.7 kip, M=492.8 kip-ft",size per AISC 360 Ch.J (agent derives bolt/weld/plate from RAG); MF per A358
beam-end @ 600602/600603,557,shear (+moment if MF),"V=65.7 kip, M=492.8 kip-ft",size per AISC 360 Ch.J (agent derives bolt/weld/plate from RAG); MF per A358
beam-end @ 600603/600604,558,shear (+moment if MF),"V=65.7 kip, M=492.8 kip-ft",size per AISC 360 Ch.J (agent derives bolt/weld/plate from RAG); MF per A358
"column base @ grid(4,0)",400,base plate/anchorage,"P=912.5 kip, Vx=-0.0, Vy=-0.0, M=0.0 kip-ft",base plate/anchor rods per AISC 360 J8/J9 (agent); anchorage ACI 318 Ch.17
"column base @ grid(3,4)",304,base plate/anchorage,"P=912.5 kip, Vx=-0.0, Vy=-0.0, M=0.0 kip-ft",base plate/anchor rods per AISC 360 J8/J9 (agent); anchorage ACI 318 Ch.17
"column base @ grid(4,3)",403,base plate/anchorage,"P=912.5 kip, Vx=0.0, Vy=-0.0, M=0.0 kip-ft",base plate/anchor rods per AISC 360 J8/J9 (agent); anchorage ACI 318 Ch.17
"column base @ grid(3,1)",301,base plate/anchorage,"P=912.5 kip, Vx=0.0, Vy=-0.0, M=0.0 kip-ft",base plate/anchor rods per AISC 360 J8/J9 (agent); anchorage ACI 318 Ch.17
"column base @ grid(5,4)",504,base plate/anchorage,"P=912.5 kip, Vx=-0.0, Vy=-0.0, M=0.0 kip-ft",base plate/anchor rods per AISC 360 J8/J9 (agent); anchorage ACI 318 Ch.17
"column base @ grid(5,1)",501,base plate/anchorage,"P=912.5 kip, Vx=0.0, Vy=-0.0, M=0.0 kip-ft",base plate/anchor rods per AISC 360 J8/J9 (agent); anchorage ACI 318 Ch.17
"column base @ grid(0,2)",2,base plate/anchorage,"P=912.5 kip, Vx=-0.0, Vy=-0.0, M=0.0 kip-ft",base plate/anchor rods per AISC 360 J8/J9 (agent); anchorage ACI 318 Ch.17
"column base @ grid(2,2)",202,base plate/anchorage,"P=912.5 kip, Vx=0.0, Vy=-0.0, M=0.0 kip-ft",base plate/anchor rods per AISC 360 J8/J9 (agent); anchorage ACI 318 Ch.17
"column base @ grid(1,0)",100,base plate/anchorage,"P=912.5 kip, Vx=0.0, Vy=-0.0, M=0.0 kip-ft",base plate/anchor rods per AISC 360 J8/J9 (agent); anchorage ACI 318 Ch.17
"column base @ grid(1,3)",103,base plate/anchorage,"P=912.5 kip, Vx=0.0, Vy=-0.0, M=0.0 kip-ft",base plate/anchor rods per AISC 360 J8/J9 (agent); anchorage ACI 318 Ch.17
"column base @ grid(6,2)",602,base plate/anchorage,"P=912.5 kip, Vx=-0.0, Vy=-0.0, M=0.0 kip-ft",base plate/anchor rods per AISC 360 J8/J9 (agent); anchorage ACI 318 Ch.17
"column base @ grid(4,2)",402,base plate/anchorage,"P=912.5 kip, Vx=0.0, Vy=-0.0, M=0.0 kip-ft",base plate/anchor rods per AISC 360 J8/J9 (agent); anchorage ACI 318 Ch.17
"column base @ grid(3,0)",300,base plate/anchorage,"P=912.5 kip, Vx=0.0, Vy=-0.0, M=0.0 kip-ft",base plate/anchor rods per AISC 360 J8/J9 (agent); anchorage ACI 318 Ch.17
"column base @ grid(3,3)",303,base plate/anchorage,"P=912.5 kip, Vx=0.0, Vy=-0.0, M=0.0 kip-ft",base plate/anchor rods per AISC 360 J8/J9 (agent); anchorage ACI 318 Ch.17
"column base @ grid(5,0)",500,base plate/anchorage,"P=912.5 kip, Vx=-0.0, Vy=-0.0, M=0.0 kip-ft",base plate/anchor rods per AISC 360 J8/J9 (agent); anchorage ACI 318 Ch.17
"column base @ grid(5,3)",503,base plate/anchorage,"P=912.5 kip, Vx=0.0, Vy=-0.0, M=0.0 kip-ft",base plate/anchor rods per AISC 360 J8/J9 (agent); anchorage ACI 318 Ch.17
"column base @ grid(0,1)",1,base plate/anchorage,"P=912.5 kip, Vx=-0.0, Vy=0.0, M=0.0 kip-ft",base plate/anchor rods per AISC 360 J8/J9 (agent); anchorage ACI 318 Ch.17
"column base @ grid(2,4)",204,base plate/anchorage,"P=912.5 kip, Vx=-0.0, Vy=-0.0, M=0.0 kip-ft",base plate/anchor rods per AISC 360 J8/J9 (agent); anchorage ACI 318 Ch.17
"column base @ grid(1,2)",102,base plate/anchorage,"P=912.5 kip, Vx=0.0, Vy=-0.0, M=0.0 kip-ft",base plate/anchor rods per AISC 360 J8/J9 (agent); anchorage ACI 318 Ch.17
"column base @ grid(0,4)",4,base plate/anchorage,"P=912.5 kip, Vx=0.0, Vy=-0.0, M=0.0 kip-ft",base plate/anchor rods per AISC 360 J8/J9 (agent); anchorage ACI 318 Ch.17
"column base @ grid(2,1)",201,base plate/anchorage,"P=912.5 kip, Vx=0.0, Vy=-0.0, M=0.0 kip-ft",base plate/anchor rods per AISC 360 J8/J9 (agent); anchorage ACI 318 Ch.17
"column base @ grid(6,1)",601,base plate/anchorage,"P=912.5 kip, Vx=-0.0, Vy=-0.0, M=0.0 kip-ft",base plate/anchor rods per AISC 360 J8/J9 (agent); anchorage ACI 318 Ch.17
"column base @ grid(6,4)",604,base plate/anchorage,"P=912.5 kip, Vx=0.0, Vy=0.0, M=0.0 kip-ft",base plate/anchor rods per AISC 360 J8/J9 (agent); anchorage ACI 318 Ch.17
"column base @ grid(3,2)",302,base plate/anchorage,"P=912.5 kip, Vx=0.0, Vy=-0.0, M=0.0 kip-ft",base plate/anchor rods per AISC 360 J8/J9 (agent); anchorage ACI 318 Ch.17
"column base @ grid(4,1)",401,base plate/anchorage,"P=912.5 kip, Vx=0.0, Vy=-0.0, M=0.0 kip-ft",base plate/anchor rods per AISC 360 J8/J9 (agent); anchorage ACI 318 Ch.17
"column base @ grid(5,2)",502,base plate/anchorage,"P=912.5 kip, Vx=0.0, Vy=-0.0, M=0.0 kip-ft",base plate/anchor rods per AISC 360 J8/J9 (agent); anchorage ACI 318 Ch.17
"column base @ grid(4,4)",404,base plate/anchorage,"P=912.5 kip, Vx=-0.0, Vy=-0.0, M=0.0 kip-ft",base plate/anchor rods per AISC 360 J8/J9 (agent); anchorage ACI 318 Ch.17
"column base @ grid(0,0)",0,base plate/anchorage,"P=912.5 kip, Vx=0.0, Vy=0.0, M=0.0 kip-ft",base plate/anchor rods per AISC 360 J8/J9 (agent); anchorage ACI 318 Ch.17
"column base @ grid(1,1)",101,base plate/anchorage,"P=912.5 kip, Vx=0.0, Vy=-0.0, M=0.0 kip-ft",base plate/anchor rods per AISC 360 J8/J9 (agent); anchorage ACI 318 Ch.17
"column base @ grid(0,3)",3,base plate/anchorage,"P=912.5 kip, Vx=-0.0, Vy=-0.0, M=0.0 kip-ft",base plate/anchor rods per AISC 360 J8/J9 (agent); anchorage ACI 318 Ch.17
"column base @ grid(2,0)",200,base plate/anchorage,"P=912.5 kip, Vx=-0.0, Vy=-0.0, M=0.0 kip-ft",base plate/anchor rods per AISC 360 J8/J9 (agent); anchorage ACI 318 Ch.17
"column base @ grid(1,4)",104,base plate/anchorage,"P=912.5 kip, Vx=0.0, Vy=-0.0, M=0.0 kip-ft",base plate/anchor rods per AISC 360 J8/J9 (agent); anchorage ACI 318 Ch.17
"column base @ grid(2,3)",203,base plate/anchorage,"P=912.5 kip, Vx=0.0, Vy=-0.0, M=0.0 kip-ft",base plate/anchor rods per AISC 360 J8/J9 (agent); anchorage ACI 318 Ch.17
"column base @ grid(6,0)",600,base plate/anchorage,"P=912.5 kip, Vx=0.0, Vy=0.0, M=0.0 kip-ft",base plate/anchor rods per AISC 360 J8/J9 (agent); anchorage ACI 318 Ch.17
"column base @ grid(6,3)",603,base plate/anchorage,"P=912.5 kip, Vx=-0.0, Vy=0.0, M=0.0 kip-ft",base plate/anchor rods per AISC 360 J8/J9 (agent); anchorage ACI 318 Ch.17
