ele_tag,member,section,length_in,P_comp_kip,P_tens_kip,Mx_kipft,My_kipft,V_kip,governing_combo
1,col,W14X730,192.0,651.3,236.6,951.7,582.9,87.1,(1.2+0.2SDS)D+rhoEY-t-+0.5L
2,col,W14X730,168.0,517.9,175.1,513.6,640.4,90.2,(1.2+0.2SDS)D+rhoEY-t-+0.5L
3,col,W14X605,168.0,381.5,110.7,501.9,575.8,81.6,(1.2+0.2SDS)D+rhoEY-t-+0.5L
4,col,W14X605,168.0,253.3,54.8,439.7,523.6,74.4,(1.2+0.2SDS)D+rhoEY-t-+0.5L
5,col,W14X500,168.0,143.6,17.0,376.3,369.9,50.6,(1.2+0.2SDS)D+rhoEY-t-+0.5L
6,col,W14X500,168.0,53.2,0.0,274.0,272.2,36.5,(1.2+0.2SDS)D+rhoEY-t-+0.5L
7,col,W14X730,192.0,711.2,0.0,1578.3,249.0,165.0,1.2D+1.6L+0.5Lr
8,col,W14X730,168.0,579.7,0.0,1341.5,25.0,190.9,1.2D+1.6L+0.5Lr
9,col,W14X605,168.0,451.3,0.0,1159.1,20.0,162.2,1.2D+1.6L+0.5Lr
10,col,W14X605,168.0,323.4,0.0,1013.4,18.0,144.3,1.2D+1.6L+0.5Lr
11,col,W14X500,168.0,195.5,0.0,767.0,30.1,103.2,1.2D+1.6L+0.5Lr
12,col,W14X500,168.0,78.5,0.0,516.0,30.1,65.9,1.2D+1.6Lr+0.5L
13,col,W14X730,192.0,699.2,0.0,1592.9,243.9,167.8,1.2D+1.6L+0.5Lr
14,col,W14X730,168.0,572.1,0.0,1389.0,24.2,197.5,1.2D+1.6L+0.5Lr
15,col,W14X605,168.0,445.9,0.0,1192.3,19.5,166.9,1.2D+1.6L+0.5Lr
16,col,W14X605,168.0,319.4,0.0,1047.5,17.6,149.2,1.2D+1.6L+0.5Lr
17,col,W14X500,168.0,193.0,0.0,795.6,29.4,107.2,1.2D+1.6L+0.5Lr
18,col,W14X500,168.0,76.0,0.0,544.1,29.4,70.0,1.2D+1.6Lr+0.5L
19,col,W14X730,192.0,711.2,0.0,1579.3,249.0,165.2,1.2D+1.6L+0.5Lr
20,col,W14X730,168.0,579.7,0.0,1345.2,25.0,191.5,1.2D+1.6L+0.5Lr
21,col,W14X605,168.0,451.3,0.0,1164.1,20.0,162.9,1.2D+1.6L+0.5Lr
22,col,W14X605,168.0,323.4,0.0,1019.1,18.0,145.1,1.2D+1.6L+0.5Lr
23,col,W14X500,168.0,195.5,0.0,771.8,30.1,103.8,1.2D+1.6L+0.5Lr
24,col,W14X500,168.0,78.5,0.0,522.2,30.1,66.7,1.2D+1.6Lr+0.5L
25,col,W14X730,192.0,521.9,108.7,952.9,583.6,87.3,(1.2+0.2SDS)D+rhoEY+t-+0.5L
26,col,W14X730,168.0,418.3,76.7,518.4,643.6,90.7,(1.2+0.2SDS)D+rhoEY+t-+0.5L
27,col,W14X605,168.0,312.2,42.1,508.8,580.6,82.2,(1.2+0.2SDS)D+rhoEY+t-+0.5L
28,col,W14X605,168.0,211.8,13.6,447.4,529.1,75.2,(1.2+0.2SDS)D+rhoEY+t-+0.5L
29,col,W14X500,168.0,123.0,0.0,383.1,374.4,51.2,(1.2+0.2SDS)D+rhoEY+t-+0.5L
30,col,W14X500,168.0,47.3,0.0,282.5,278.1,37.3,(1.2+0.2SDS)D+rhoEY+t-+0.5L
31,col,W14X730,192.0,697.2,0.0,1045.5,362.6,104.7,1.2D+1.6L+0.5Lr
32,col,W14X730,168.0,568.8,0.0,825.2,47.8,116.4,1.2D+1.6L+0.5Lr
33,col,W14X605,168.0,442.8,0.0,737.6,27.4,102.8,1.2D+1.6L+0.5Lr
34,col,W14X605,168.0,317.1,0.0,643.7,24.2,91.3,1.2D+1.6L+0.5Lr
35,col,W14X500,168.0,191.5,0.0,495.7,47.9,65.6,1.2D+1.6L+0.5Lr
36,col,W14X500,168.0,76.6,0.0,315.0,47.9,41.2,1.2D+1.6Lr+0.5L
37,col,W14X193,192.0,1283.4,0.0,23.1,10.8,1.4,1.2D+1.6L+0.5Lr
38,col,W14X193,168.0,1051.2,0.0,23.1,10.8,1.7,1.2D+1.6L+0.5Lr
39,col,W14X145,168.0,819.0,0.0,5.7,2.9,0.5,1.2D+1.6L+0.5Lr
40,col,W14X145,168.0,586.8,0.0,5.7,2.9,0.5,1.2D+1.6L+0.5Lr
41,col,W14X90,168.0,354.6,0.0,10.3,6.0,0.9,1.2D+1.6L+0.5Lr
42,col,W14X90,168.0,142.2,0.0,10.3,6.0,0.7,1.2D+1.6Lr+0.5L
43,col,W14X193,192.0,1283.4,0.0,22.8,10.8,1.4,1.2D+1.6L+0.5Lr
44,col,W14X193,168.0,1051.2,0.0,22.8,10.8,1.7,1.2D+1.6L+0.5Lr
45,col,W14X145,168.0,819.0,0.0,5.6,2.9,0.5,1.2D+1.6L+0.5Lr
46,col,W14X145,168.0,586.8,0.0,5.6,2.9,0.5,1.2D+1.6L+0.5Lr
47,col,W14X90,168.0,354.6,0.0,10.1,6.0,0.8,1.2D+1.6L+0.5Lr
48,col,W14X90,168.0,142.2,0.0,10.1,6.0,0.7,1.2D+1.6Lr+0.5L
49,col,W14X193,192.0,1283.4,0.0,23.1,10.8,1.4,1.2D+1.6L+0.5Lr
50,col,W14X193,168.0,1051.2,0.0,23.1,10.8,1.7,1.2D+1.6L+0.5Lr
51,col,W14X145,168.0,819.0,0.0,5.7,2.9,0.5,1.2D+1.6L+0.5Lr
52,col,W14X145,168.0,586.8,0.0,5.7,2.9,0.5,1.2D+1.6L+0.5Lr
53,col,W14X90,168.0,354.6,0.0,10.3,6.0,0.9,1.2D+1.6L+0.5Lr
54,col,W14X90,168.0,142.2,0.0,10.3,6.0,0.7,1.2D+1.6Lr+0.5L
55,col,W14X730,192.0,697.2,0.0,1046.4,362.6,104.9,1.2D+1.6L+0.5Lr
56,col,W14X730,168.0,568.8,0.0,829.5,47.8,117.1,1.2D+1.6L+0.5Lr
57,col,W14X605,168.0,442.8,0.0,743.5,27.4,103.6,1.2D+1.6L+0.5Lr
58,col,W14X605,168.0,317.1,0.0,650.6,24.2,92.3,1.2D+1.6L+0.5Lr
59,col,W14X500,168.0,191.5,0.0,501.8,47.9,66.4,1.2D+1.6L+0.5Lr
60,col,W14X500,168.0,76.6,0.0,322.2,47.9,42.2,1.2D+1.6Lr+0.5L
61,col,W14X730,192.0,699.1,0.0,1037.8,354.9,103.2,1.2D+1.6L+0.5Lr
62,col,W14X730,168.0,571.5,0.0,804.7,46.6,113.7,1.2D+1.6L+0.5Lr
63,col,W14X605,168.0,445.2,0.0,722.0,26.6,100.8,1.2D+1.6L+0.5Lr
64,col,W14X605,168.0,319.0,0.0,631.3,23.7,89.4,1.2D+1.6L+0.5Lr
65,col,W14X500,168.0,192.7,0.0,488.1,46.9,64.5,1.2D+1.6L+0.5Lr
66,col,W14X500,168.0,76.1,0.0,314.1,46.9,40.8,1.2D+1.6Lr+0.5L
67,col,W14X193,192.0,1283.4,0.0,23.1,10.6,1.4,1.2D+1.6L+0.5Lr
68,col,W14X193,168.0,1051.2,0.0,23.1,10.6,1.7,1.2D+1.6L+0.5Lr
69,col,W14X145,168.0,819.0,0.0,5.7,2.9,0.5,1.2D+1.6L+0.5Lr
70,col,W14X145,168.0,586.8,0.0,5.7,2.9,0.5,1.2D+1.6L+0.5Lr
71,col,W14X90,168.0,354.6,0.0,10.3,5.8,0.9,1.2D+1.6L+0.5Lr
72,col,W14X90,168.0,142.2,0.0,10.3,5.8,0.7,1.2D+1.6Lr+0.5L
73,col,W14X193,192.0,1283.4,0.0,22.8,10.6,1.4,1.2D+1.6L+0.5Lr
74,col,W14X193,168.0,1051.2,0.0,22.8,10.6,1.7,1.2D+1.6L+0.5Lr
75,col,W14X145,168.0,819.0,0.0,5.6,2.9,0.5,1.2D+1.6L+0.5Lr
76,col,W14X145,168.0,586.8,0.0,5.6,2.9,0.5,1.2D+1.6L+0.5Lr
77,col,W14X90,168.0,354.6,0.0,10.1,5.8,0.8,1.2D+1.6L+0.5Lr
78,col,W14X90,168.0,142.2,0.0,10.1,5.8,0.7,1.2D+1.6Lr+0.5L
79,col,W14X193,192.0,1283.4,0.0,23.1,10.6,1.4,1.2D+1.6L+0.5Lr
80,col,W14X193,168.0,1051.2,0.0,23.1,10.6,1.7,1.2D+1.6L+0.5Lr
81,col,W14X145,168.0,819.0,0.0,5.7,2.9,0.5,1.2D+1.6L+0.5Lr
82,col,W14X145,168.0,586.8,0.0,5.7,2.9,0.5,1.2D+1.6L+0.5Lr
83,col,W14X90,168.0,354.6,0.0,10.3,5.8,0.9,1.2D+1.6L+0.5Lr
84,col,W14X90,168.0,142.2,0.0,10.3,5.8,0.7,1.2D+1.6Lr+0.5L
85,col,W14X730,192.0,699.1,0.0,1037.8,354.9,103.2,1.2D+1.6L+0.5Lr
86,col,W14X730,168.0,571.5,0.0,804.6,46.6,113.6,1.2D+1.6L+0.5Lr
87,col,W14X605,168.0,445.2,0.0,721.7,26.6,100.7,1.2D+1.6L+0.5Lr
88,col,W14X605,168.0,319.0,0.0,631.1,23.7,89.3,1.2D+1.6L+0.5Lr
89,col,W14X500,168.0,192.7,0.0,487.9,46.9,64.5,1.2D+1.6L+0.5Lr
90,col,W14X500,168.0,76.1,0.0,313.8,46.9,40.8,1.2D+1.6Lr+0.5L
91,col,W14X730,192.0,698.6,0.0,1038.3,347.1,103.3,1.2D+1.6L+0.5Lr
92,col,W14X730,168.0,570.9,0.0,805.9,45.3,113.8,1.2D+1.6L+0.5Lr
93,col,W14X605,168.0,444.7,0.0,722.1,26.0,100.8,1.2D+1.6L+0.5Lr
94,col,W14X605,168.0,318.6,0.0,630.9,23.1,89.3,1.2D+1.6L+0.5Lr
95,col,W14X500,168.0,192.4,0.0,487.2,45.9,64.4,1.2D+1.6L+0.5Lr
96,col,W14X500,168.0,76.2,0.0,312.8,45.9,40.6,1.2D+1.6Lr+0.5L
97,col,W14X193,192.0,1283.4,0.0,23.1,10.5,1.4,1.2D+1.6L+0.5Lr
98,col,W14X193,168.0,1051.2,0.0,23.1,10.5,1.7,1.2D+1.6L+0.5Lr
99,col,W14X145,168.0,819.0,0.0,5.7,2.8,0.5,1.2D+1.6L+0.5Lr
100,col,W14X145,168.0,586.8,0.0,5.7,2.8,0.5,1.2D+1.6L+0.5Lr
101,col,W14X90,168.0,354.6,0.0,10.3,5.7,0.9,1.2D+1.6L+0.5Lr
102,col,W14X90,168.0,142.2,0.0,10.3,5.7,0.7,1.2D+1.6Lr+0.5L
103,col,W14X193,192.0,1283.4,0.0,22.8,10.5,1.4,1.2D+1.6L+0.5Lr
104,col,W14X193,168.0,1051.2,0.0,22.8,10.5,1.7,1.2D+1.6L+0.5Lr
105,col,W14X145,168.0,819.0,0.0,5.6,2.8,0.5,1.2D+1.6L+0.5Lr
106,col,W14X145,168.0,586.8,0.0,5.6,2.8,0.5,1.2D+1.6L+0.5Lr
107,col,W14X90,168.0,354.6,0.0,10.1,5.7,0.8,1.2D+1.6L+0.5Lr
108,col,W14X90,168.0,142.2,0.0,10.1,5.7,0.7,1.2D+1.6Lr+0.5L
109,col,W14X193,192.0,1283.4,0.0,23.1,10.5,1.4,1.2D+1.6L+0.5Lr
110,col,W14X193,168.0,1051.2,0.0,23.1,10.5,1.7,1.2D+1.6L+0.5Lr
111,col,W14X145,168.0,819.0,0.0,5.7,2.8,0.5,1.2D+1.6L+0.5Lr
112,col,W14X145,168.0,586.8,0.0,5.7,2.8,0.5,1.2D+1.6L+0.5Lr
113,col,W14X90,168.0,354.6,0.0,10.3,5.7,0.9,1.2D+1.6L+0.5Lr
114,col,W14X90,168.0,142.2,0.0,10.3,5.7,0.7,1.2D+1.6Lr+0.5L
115,col,W14X730,192.0,698.6,0.0,1038.3,347.1,103.3,1.2D+1.6L+0.5Lr
116,col,W14X730,168.0,570.9,0.0,805.9,45.3,113.8,1.2D+1.6L+0.5Lr
117,col,W14X605,168.0,444.7,0.0,722.1,26.0,100.8,1.2D+1.6L+0.5Lr
118,col,W14X605,168.0,318.6,0.0,630.9,23.1,89.3,1.2D+1.6L+0.5Lr
119,col,W14X500,168.0,192.4,0.0,487.2,45.9,64.4,1.2D+1.6L+0.5Lr
120,col,W14X500,168.0,76.2,0.0,312.8,45.9,40.6,1.2D+1.6Lr+0.5L
121,col,W14X730,192.0,699.1,0.0,1037.8,354.9,103.2,1.2D+1.6L+0.5Lr
122,col,W14X730,168.0,571.5,0.0,804.6,46.6,113.6,1.2D+1.6L+0.5Lr
123,col,W14X605,168.0,445.2,0.0,721.7,26.6,100.7,1.2D+1.6L+0.5Lr
124,col,W14X605,168.0,319.0,0.0,631.1,23.7,89.3,1.2D+1.6L+0.5Lr
125,col,W14X500,168.0,192.7,0.0,487.9,46.9,64.5,1.2D+1.6L+0.5Lr
126,col,W14X500,168.0,76.1,0.0,313.8,46.9,40.8,1.2D+1.6Lr+0.5L
127,col,W14X193,192.0,1283.4,0.0,23.1,10.6,1.4,1.2D+1.6L+0.5Lr
128,col,W14X193,168.0,1051.2,0.0,23.1,10.6,1.7,1.2D+1.6L+0.5Lr
129,col,W14X145,168.0,819.0,0.0,5.7,2.9,0.5,1.2D+1.6L+0.5Lr
130,col,W14X145,168.0,586.8,0.0,5.7,2.9,0.5,1.2D+1.6L+0.5Lr
131,col,W14X90,168.0,354.6,0.0,10.3,5.8,0.9,1.2D+1.6L+0.5Lr
132,col,W14X90,168.0,142.2,0.0,10.3,5.8,0.7,1.2D+1.6Lr+0.5L
133,col,W14X193,192.0,1283.4,0.0,22.8,10.6,1.4,1.2D+1.6L+0.5Lr
134,col,W14X193,168.0,1051.2,0.0,22.8,10.6,1.7,1.2D+1.6L+0.5Lr
135,col,W14X145,168.0,819.0,0.0,5.6,2.9,0.5,1.2D+1.6L+0.5Lr
136,col,W14X145,168.0,586.8,0.0,5.6,2.9,0.5,1.2D+1.6L+0.5Lr
137,col,W14X90,168.0,354.6,0.0,10.1,5.8,0.8,1.2D+1.6L+0.5Lr
138,col,W14X90,168.0,142.2,0.0,10.1,5.8,0.7,1.2D+1.6Lr+0.5L
139,col,W14X193,192.0,1283.4,0.0,23.1,10.6,1.4,1.2D+1.6L+0.5Lr
140,col,W14X193,168.0,1051.2,0.0,23.1,10.6,1.7,1.2D+1.6L+0.5Lr
141,col,W14X145,168.0,819.0,0.0,5.7,2.9,0.5,1.2D+1.6L+0.5Lr
142,col,W14X145,168.0,586.8,0.0,5.7,2.9,0.5,1.2D+1.6L+0.5Lr
143,col,W14X90,168.0,354.6,0.0,10.3,5.8,0.9,1.2D+1.6L+0.5Lr
144,col,W14X90,168.0,142.2,0.0,10.3,5.8,0.7,1.2D+1.6Lr+0.5L
145,col,W14X730,192.0,699.1,0.0,1037.8,354.9,103.2,1.2D+1.6L+0.5Lr
146,col,W14X730,168.0,571.5,0.0,804.7,46.6,113.7,1.2D+1.6L+0.5Lr
147,col,W14X605,168.0,445.2,0.0,722.0,26.6,100.8,1.2D+1.6L+0.5Lr
148,col,W14X605,168.0,319.0,0.0,631.3,23.7,89.4,1.2D+1.6L+0.5Lr
149,col,W14X500,168.0,192.7,0.0,488.1,46.9,64.5,1.2D+1.6L+0.5Lr
150,col,W14X500,168.0,76.1,0.0,314.1,46.9,40.8,1.2D+1.6Lr+0.5L
151,col,W14X730,192.0,697.2,0.0,1046.4,362.6,104.9,1.2D+1.6L+0.5Lr
152,col,W14X730,168.0,568.8,0.0,829.5,47.8,117.1,1.2D+1.6L+0.5Lr
153,col,W14X605,168.0,442.8,0.0,743.5,27.4,103.6,1.2D+1.6L+0.5Lr
154,col,W14X605,168.0,317.1,0.0,650.6,24.2,92.3,1.2D+1.6L+0.5Lr
155,col,W14X500,168.0,191.5,0.0,501.8,47.9,66.4,1.2D+1.6L+0.5Lr
156,col,W14X500,168.0,76.6,0.0,322.2,47.9,42.2,1.2D+1.6Lr+0.5L
157,col,W14X193,192.0,1283.4,0.0,23.1,10.8,1.4,1.2D+1.6L+0.5Lr
158,col,W14X193,168.0,1051.2,0.0,23.1,10.8,1.7,1.2D+1.6L+0.5Lr
159,col,W14X145,168.0,819.0,0.0,5.7,2.9,0.5,1.2D+1.6L+0.5Lr
160,col,W14X145,168.0,586.8,0.0,5.7,2.9,0.5,1.2D+1.6L+0.5Lr
161,col,W14X90,168.0,354.6,0.0,10.3,6.0,0.9,1.2D+1.6L+0.5Lr
162,col,W14X90,168.0,142.2,0.0,10.3,6.0,0.7,1.2D+1.6Lr+0.5L
163,col,W14X193,192.0,1283.4,0.0,22.8,10.8,1.4,1.2D+1.6L+0.5Lr
164,col,W14X193,168.0,1051.2,0.0,22.8,10.8,1.7,1.2D+1.6L+0.5Lr
165,col,W14X145,168.0,819.0,0.0,5.6,2.9,0.5,1.2D+1.6L+0.5Lr
166,col,W14X145,168.0,586.8,0.0,5.6,2.9,0.5,1.2D+1.6L+0.5Lr
167,col,W14X90,168.0,354.6,0.0,10.1,6.0,0.8,1.2D+1.6L+0.5Lr
168,col,W14X90,168.0,142.2,0.0,10.1,6.0,0.7,1.2D+1.6Lr+0.5L
169,col,W14X193,192.0,1283.4,0.0,23.1,10.8,1.4,1.2D+1.6L+0.5Lr
170,col,W14X193,168.0,1051.2,0.0,23.1,10.8,1.7,1.2D+1.6L+0.5Lr
171,col,W14X145,168.0,819.0,0.0,5.7,2.9,0.5,1.2D+1.6L+0.5Lr
172,col,W14X145,168.0,586.8,0.0,5.7,2.9,0.5,1.2D+1.6L+0.5Lr
173,col,W14X90,168.0,354.6,0.0,10.3,6.0,0.9,1.2D+1.6L+0.5Lr
174,col,W14X90,168.0,142.2,0.0,10.3,6.0,0.7,1.2D+1.6Lr+0.5L
175,col,W14X730,192.0,697.2,0.0,1045.5,362.6,104.7,1.2D+1.6L+0.5Lr
176,col,W14X730,168.0,568.8,0.0,825.2,47.8,116.4,1.2D+1.6L+0.5Lr
177,col,W14X605,168.0,442.8,0.0,737.6,27.4,102.8,1.2D+1.6L+0.5Lr
178,col,W14X605,168.0,317.1,0.0,643.7,24.2,91.3,1.2D+1.6L+0.5Lr
179,col,W14X500,168.0,191.5,0.0,495.7,47.9,65.6,1.2D+1.6L+0.5Lr
180,col,W14X500,168.0,76.6,0.0,315.0,47.9,41.2,1.2D+1.6Lr+0.5L
181,col,W14X730,192.0,521.9,108.7,952.9,583.6,87.3,(1.2+0.2SDS)D+rhoEY-t++0.5L
182,col,W14X730,168.0,418.3,76.7,518.4,643.6,90.7,(1.2+0.2SDS)D+rhoEY-t++0.5L
183,col,W14X605,168.0,312.2,42.1,508.8,580.6,82.2,(1.2+0.2SDS)D+rhoEY-t++0.5L
184,col,W14X605,168.0,211.8,13.6,447.4,529.1,75.2,(1.2+0.2SDS)D+rhoEY-t++0.5L
185,col,W14X500,168.0,123.0,0.0,383.1,374.4,51.2,(1.2+0.2SDS)D+rhoEY-t++0.5L
186,col,W14X500,168.0,47.3,0.0,282.5,278.1,37.3,(1.2+0.2SDS)D+rhoEY-t++0.5L
187,col,W14X730,192.0,711.2,0.0,1579.3,249.0,165.2,1.2D+1.6L+0.5Lr
188,col,W14X730,168.0,579.7,0.0,1345.2,25.0,191.5,1.2D+1.6L+0.5Lr
189,col,W14X605,168.0,451.3,0.0,1164.1,20.0,162.9,1.2D+1.6L+0.5Lr
190,col,W14X605,168.0,323.4,0.0,1019.1,18.0,145.1,1.2D+1.6L+0.5Lr
191,col,W14X500,168.0,195.5,0.0,771.8,30.1,103.8,1.2D+1.6L+0.5Lr
192,col,W14X500,168.0,78.5,0.0,522.2,30.1,66.7,1.2D+1.6Lr+0.5L
193,col,W14X730,192.0,699.2,0.0,1592.9,243.9,167.8,1.2D+1.6L+0.5Lr
194,col,W14X730,168.0,572.1,0.0,1389.0,24.2,197.5,1.2D+1.6L+0.5Lr
195,col,W14X605,168.0,445.9,0.0,1192.3,19.5,166.9,1.2D+1.6L+0.5Lr
196,col,W14X605,168.0,319.4,0.0,1047.5,17.6,149.2,1.2D+1.6L+0.5Lr
197,col,W14X500,168.0,193.0,0.0,795.6,29.4,107.2,1.2D+1.6L+0.5Lr
198,col,W14X500,168.0,76.0,0.0,544.1,29.4,70.0,1.2D+1.6Lr+0.5L
199,col,W14X730,192.0,711.2,0.0,1578.3,249.0,165.0,1.2D+1.6L+0.5Lr
200,col,W14X730,168.0,579.7,0.0,1341.5,25.0,190.9,1.2D+1.6L+0.5Lr
201,col,W14X605,168.0,451.3,0.0,1159.1,20.0,162.2,1.2D+1.6L+0.5Lr
202,col,W14X605,168.0,323.4,0.0,1013.4,18.0,144.3,1.2D+1.6L+0.5Lr
203,col,W14X500,168.0,195.5,0.0,767.0,30.1,103.2,1.2D+1.6L+0.5Lr
204,col,W14X500,168.0,78.5,0.0,516.0,30.1,65.9,1.2D+1.6Lr+0.5L
205,col,W14X730,192.0,651.3,236.6,951.7,582.9,87.1,(1.2+0.2SDS)D+rhoEY+t++0.5L
206,col,W14X730,168.0,517.9,175.1,513.6,640.4,90.2,(1.2+0.2SDS)D+rhoEY+t++0.5L
207,col,W14X605,168.0,381.5,110.7,501.9,575.8,81.6,(1.2+0.2SDS)D+rhoEY+t++0.5L
208,col,W14X605,168.0,253.3,54.8,439.7,523.6,74.4,(1.2+0.2SDS)D+rhoEY+t++0.5L
209,col,W14X500,168.0,143.6,17.0,376.3,369.9,50.6,(1.2+0.2SDS)D+rhoEY+t++0.5L
210,col,W14X500,168.0,53.2,0.0,274.0,272.2,36.5,(1.2+0.2SDS)D+rhoEY+t++0.5L
211,beam,W36X232,360.0,0.0,0.0,955.8,0.0,116.1,(1.2+0.2SDS)D+rhoEX-t++0.5L
212,beam,W36X232,360.0,0.0,0.0,870.8,0.0,116.1,1.2D+1.6L+0.5Lr
213,beam,W36X232,360.0,0.0,0.0,870.8,0.0,116.1,1.2D+1.6L+0.5Lr
214,beam,W36X232,360.0,0.0,0.0,870.8,0.0,116.1,1.2D+1.6L+0.5Lr
215,beam,W36X232,360.0,0.0,0.0,870.8,0.0,116.1,1.2D+1.6L+0.5Lr
216,beam,W36X232,360.0,0.0,0.0,962.8,0.0,116.1,(1.2+0.2SDS)D+rhoEX+t++0.5L
217,beam,W27X94,360.0,0.0,0.0,870.8,0.0,116.1,1.2D+1.6L+0.5Lr
218,beam,W27X94,360.0,0.0,0.0,870.8,0.0,116.1,1.2D+1.6L+0.5Lr
219,beam,W27X94,360.0,0.0,0.0,870.8,0.0,116.1,1.2D+1.6L+0.5Lr
220,beam,W27X94,360.0,0.0,0.0,870.8,0.0,116.1,1.2D+1.6L+0.5Lr
221,beam,W27X94,360.0,0.0,0.0,870.8,0.0,116.1,1.2D+1.6L+0.5Lr
222,beam,W27X94,360.0,0.0,0.0,870.8,0.0,116.1,1.2D+1.6L+0.5Lr
223,beam,W27X94,360.0,0.0,0.0,870.8,0.0,116.1,1.2D+1.6L+0.5Lr
224,beam,W27X94,360.0,0.0,0.0,870.8,0.0,116.1,1.2D+1.6L+0.5Lr
225,beam,W27X94,360.0,0.0,0.0,870.8,0.0,116.1,1.2D+1.6L+0.5Lr
226,beam,W27X94,360.0,0.0,0.0,870.8,0.0,116.1,1.2D+1.6L+0.5Lr
227,beam,W27X94,360.0,0.0,0.0,870.8,0.0,116.1,1.2D+1.6L+0.5Lr
228,beam,W27X94,360.0,0.0,0.0,870.8,0.0,116.1,1.2D+1.6L+0.5Lr
229,beam,W27X94,360.0,0.0,0.0,870.8,0.0,116.1,1.2D+1.6L+0.5Lr
230,beam,W27X94,360.0,0.0,0.0,870.8,0.0,116.1,1.2D+1.6L+0.5Lr
231,beam,W27X94,360.0,0.0,0.0,870.8,0.0,116.1,1.2D+1.6L+0.5Lr
232,beam,W27X94,360.0,0.0,0.0,870.8,0.0,116.1,1.2D+1.6L+0.5Lr
233,beam,W27X94,360.0,0.0,0.0,870.8,0.0,116.1,1.2D+1.6L+0.5Lr
234,beam,W27X94,360.0,0.0,0.0,870.8,0.0,116.1,1.2D+1.6L+0.5Lr
235,beam,W36X232,360.0,0.0,0.0,962.8,0.0,116.1,(1.2+0.2SDS)D+rhoEX-t-+0.5L
236,beam,W36X232,360.0,0.0,0.0,870.8,0.0,116.1,1.2D+1.6L+0.5Lr
237,beam,W36X232,360.0,0.0,0.0,870.8,0.0,116.1,1.2D+1.6L+0.5Lr
238,beam,W36X232,360.0,0.0,0.0,870.8,0.0,116.1,1.2D+1.6L+0.5Lr
239,beam,W36X232,360.0,0.0,0.0,870.8,0.0,116.1,1.2D+1.6L+0.5Lr
240,beam,W36X232,360.0,0.0,0.0,955.8,0.0,116.1,(1.2+0.2SDS)D+rhoEX+t-+0.5L
241,beam,W40X277,360.0,0.0,0.0,1309.7,0.0,116.1,(1.2+0.2SDS)D+rhoEY+t-+0.5L
242,beam,W40X277,360.0,0.0,0.0,1414.8,0.0,116.1,(1.2+0.2SDS)D+rhoEY-t-+0.5L
243,beam,W40X277,360.0,0.0,0.0,1413.7,0.0,116.1,(1.2+0.2SDS)D+rhoEY+t-+0.5L
244,beam,W40X277,360.0,0.0,0.0,1316.0,0.0,116.1,(1.2+0.2SDS)D+rhoEY-t-+0.5L
245,beam,W27X94,360.0,0.0,0.0,870.8,0.0,116.1,1.2D+1.6L+0.5Lr
246,beam,W27X94,360.0,0.0,0.0,870.8,0.0,116.1,1.2D+1.6L+0.5Lr
247,beam,W27X94,360.0,0.0,0.0,870.8,0.0,116.1,1.2D+1.6L+0.5Lr
248,beam,W27X94,360.0,0.0,0.0,870.8,0.0,116.1,1.2D+1.6L+0.5Lr
249,beam,W27X94,360.0,0.0,0.0,870.8,0.0,116.1,1.2D+1.6L+0.5Lr
250,beam,W27X94,360.0,0.0,0.0,870.8,0.0,116.1,1.2D+1.6L+0.5Lr
251,beam,W27X94,360.0,0.0,0.0,870.8,0.0,116.1,1.2D+1.6L+0.5Lr
252,beam,W27X94,360.0,0.0,0.0,870.8,0.0,116.1,1.2D+1.6L+0.5Lr
253,beam,W27X94,360.0,0.0,0.0,870.8,0.0,116.1,1.2D+1.6L+0.5Lr
254,beam,W27X94,360.0,0.0,0.0,870.8,0.0,116.1,1.2D+1.6L+0.5Lr
255,beam,W27X94,360.0,0.0,0.0,870.8,0.0,116.1,1.2D+1.6L+0.5Lr
256,beam,W27X94,360.0,0.0,0.0,870.8,0.0,116.1,1.2D+1.6L+0.5Lr
257,beam,W27X94,360.0,0.0,0.0,870.8,0.0,116.1,1.2D+1.6L+0.5Lr
258,beam,W27X94,360.0,0.0,0.0,870.8,0.0,116.1,1.2D+1.6L+0.5Lr
259,beam,W27X94,360.0,0.0,0.0,870.8,0.0,116.1,1.2D+1.6L+0.5Lr
260,beam,W27X94,360.0,0.0,0.0,870.8,0.0,116.1,1.2D+1.6L+0.5Lr
261,beam,W27X94,360.0,0.0,0.0,870.8,0.0,116.1,1.2D+1.6L+0.5Lr
262,beam,W27X94,360.0,0.0,0.0,870.8,0.0,116.1,1.2D+1.6L+0.5Lr
263,beam,W27X94,360.0,0.0,0.0,870.8,0.0,116.1,1.2D+1.6L+0.5Lr
264,beam,W27X94,360.0,0.0,0.0,870.8,0.0,116.1,1.2D+1.6L+0.5Lr
265,beam,W40X277,360.0,0.0,0.0,1316.0,0.0,116.1,(1.2+0.2SDS)D+rhoEY+t++0.5L
266,beam,W40X277,360.0,0.0,0.0,1413.7,0.0,116.1,(1.2+0.2SDS)D+rhoEY-t++0.5L
267,beam,W40X277,360.0,0.0,0.0,1414.8,0.0,116.1,(1.2+0.2SDS)D+rhoEY+t++0.5L
268,beam,W40X277,360.0,0.0,0.0,1309.7,0.0,116.1,(1.2+0.2SDS)D+rhoEY-t++0.5L
269,beam,W36X232,360.0,0.0,0.0,973.7,0.0,116.1,(1.2+0.2SDS)D+rhoEX-t++0.5L
270,beam,W36X232,360.0,0.0,0.0,889.5,0.0,116.1,(1.2+0.2SDS)D+rhoEX+t++0.5L
271,beam,W36X232,360.0,0.0,0.0,889.5,0.0,116.1,(1.2+0.2SDS)D+rhoEX-t++0.5L
272,beam,W36X232,360.0,0.0,0.0,889.6,0.0,116.1,(1.2+0.2SDS)D+rhoEX+t++0.5L
273,beam,W36X232,360.0,0.0,0.0,889.1,0.0,116.1,(1.2+0.2SDS)D+rhoEX-t++0.5L
274,beam,W36X232,360.0,0.0,0.0,985.2,0.0,116.1,(1.2+0.2SDS)D+rhoEX+t++0.5L
275,beam,W27X94,360.0,0.0,0.0,870.8,0.0,116.1,1.2D+1.6L+0.5Lr
276,beam,W27X94,360.0,0.0,0.0,870.8,0.0,116.1,1.2D+1.6L+0.5Lr
277,beam,W27X94,360.0,0.0,0.0,870.8,0.0,116.1,1.2D+1.6L+0.5Lr
278,beam,W27X94,360.0,0.0,0.0,870.8,0.0,116.1,1.2D+1.6L+0.5Lr
279,beam,W27X94,360.0,0.0,0.0,870.8,0.0,116.1,1.2D+1.6L+0.5Lr
280,beam,W27X94,360.0,0.0,0.0,870.8,0.0,116.1,1.2D+1.6L+0.5Lr
281,beam,W27X94,360.0,0.0,0.0,870.8,0.0,116.1,1.2D+1.6L+0.5Lr
282,beam,W27X94,360.0,0.0,0.0,870.8,0.0,116.1,1.2D+1.6L+0.5Lr
283,beam,W27X94,360.0,0.0,0.0,870.8,0.0,116.1,1.2D+1.6L+0.5Lr
284,beam,W27X94,360.0,0.0,0.0,870.8,0.0,116.1,1.2D+1.6L+0.5Lr
285,beam,W27X94,360.0,0.0,0.0,870.8,0.0,116.1,1.2D+1.6L+0.5Lr
286,beam,W27X94,360.0,0.0,0.0,870.8,0.0,116.1,1.2D+1.6L+0.5Lr
287,beam,W27X94,360.0,0.0,0.0,870.8,0.0,116.1,1.2D+1.6L+0.5Lr
288,beam,W27X94,360.0,0.0,0.0,870.8,0.0,116.1,1.2D+1.6L+0.5Lr
289,beam,W27X94,360.0,0.0,0.0,870.8,0.0,116.1,1.2D+1.6L+0.5Lr
290,beam,W27X94,360.0,0.0,0.0,870.8,0.0,116.1,1.2D+1.6L+0.5Lr
291,beam,W27X94,360.0,0.0,0.0,870.8,0.0,116.1,1.2D+1.6L+0.5Lr
292,beam,W27X94,360.0,0.0,0.0,870.8,0.0,116.1,1.2D+1.6L+0.5Lr
293,beam,W36X232,360.0,0.0,0.0,985.2,0.0,116.1,(1.2+0.2SDS)D+rhoEX-t-+0.5L
294,beam,W36X232,360.0,0.0,0.0,889.1,0.0,116.1,(1.2+0.2SDS)D+rhoEX+t-+0.5L
295,beam,W36X232,360.0,0.0,0.0,889.6,0.0,116.1,(1.2+0.2SDS)D+rhoEX-t-+0.5L
296,beam,W36X232,360.0,0.0,0.0,889.5,0.0,116.1,(1.2+0.2SDS)D+rhoEX+t-+0.5L
297,beam,W36X232,360.0,0.0,0.0,889.5,0.0,116.1,(1.2+0.2SDS)D+rhoEX-t-+0.5L
298,beam,W36X232,360.0,0.0,0.0,973.7,0.0,116.1,(1.2+0.2SDS)D+rhoEX+t-+0.5L
299,beam,W40X277,360.0,0.0,0.0,1323.2,0.0,116.1,(1.2+0.2SDS)D+rhoEY+t-+0.5L
300,beam,W40X277,360.0,0.0,0.0,1423.4,0.0,116.1,(1.2+0.2SDS)D+rhoEY-t-+0.5L
301,beam,W40X277,360.0,0.0,0.0,1421.6,0.0,116.1,(1.2+0.2SDS)D+rhoEY+t-+0.5L
302,beam,W40X277,360.0,0.0,0.0,1333.6,0.0,116.1,(1.2+0.2SDS)D+rhoEY-t-+0.5L
303,beam,W27X94,360.0,0.0,0.0,870.8,0.0,116.1,1.2D+1.6L+0.5Lr
304,beam,W27X94,360.0,0.0,0.0,870.8,0.0,116.1,1.2D+1.6L+0.5Lr
305,beam,W27X94,360.0,0.0,0.0,870.8,0.0,116.1,1.2D+1.6L+0.5Lr
306,beam,W27X94,360.0,0.0,0.0,870.8,0.0,116.1,1.2D+1.6L+0.5Lr
307,beam,W27X94,360.0,0.0,0.0,870.8,0.0,116.1,1.2D+1.6L+0.5Lr
308,beam,W27X94,360.0,0.0,0.0,870.8,0.0,116.1,1.2D+1.6L+0.5Lr
309,beam,W27X94,360.0,0.0,0.0,870.8,0.0,116.1,1.2D+1.6L+0.5Lr
310,beam,W27X94,360.0,0.0,0.0,870.8,0.0,116.1,1.2D+1.6L+0.5Lr
311,beam,W27X94,360.0,0.0,0.0,870.8,0.0,116.1,1.2D+1.6L+0.5Lr
312,beam,W27X94,360.0,0.0,0.0,870.8,0.0,116.1,1.2D+1.6L+0.5Lr
313,beam,W27X94,360.0,0.0,0.0,870.8,0.0,116.1,1.2D+1.6L+0.5Lr
314,beam,W27X94,360.0,0.0,0.0,870.8,0.0,116.1,1.2D+1.6L+0.5Lr
315,beam,W27X94,360.0,0.0,0.0,870.8,0.0,116.1,1.2D+1.6L+0.5Lr
316,beam,W27X94,360.0,0.0,0.0,870.8,0.0,116.1,1.2D+1.6L+0.5Lr
317,beam,W27X94,360.0,0.0,0.0,870.8,0.0,116.1,1.2D+1.6L+0.5Lr
318,beam,W27X94,360.0,0.0,0.0,870.8,0.0,116.1,1.2D+1.6L+0.5Lr
319,beam,W27X94,360.0,0.0,0.0,870.8,0.0,116.1,1.2D+1.6L+0.5Lr
320,beam,W27X94,360.0,0.0,0.0,870.8,0.0,116.1,1.2D+1.6L+0.5Lr
321,beam,W27X94,360.0,0.0,0.0,870.8,0.0,116.1,1.2D+1.6L+0.5Lr
322,beam,W27X94,360.0,0.0,0.0,870.8,0.0,116.1,1.2D+1.6L+0.5Lr
323,beam,W40X277,360.0,0.0,0.0,1333.6,0.0,116.1,(1.2+0.2SDS)D+rhoEY+t++0.5L
324,beam,W40X277,360.0,0.0,0.0,1421.6,0.0,116.1,(1.2+0.2SDS)D+rhoEY-t++0.5L
325,beam,W40X277,360.0,0.0,0.0,1423.4,0.0,116.1,(1.2+0.2SDS)D+rhoEY+t++0.5L
326,beam,W40X277,360.0,0.0,0.0,1323.2,0.0,116.1,(1.2+0.2SDS)D+rhoEY-t++0.5L
327,beam,W36X232,360.0,0.0,0.0,912.8,0.0,116.1,(1.2+0.2SDS)D+rhoEX-t++0.5L
328,beam,W36X232,360.0,0.0,0.0,870.8,0.0,116.1,1.2D+1.6L+0.5Lr
329,beam,W36X232,360.0,0.0,0.0,870.8,0.0,116.1,1.2D+1.6L+0.5Lr
330,beam,W36X232,360.0,0.0,0.0,870.8,0.0,116.1,1.2D+1.6L+0.5Lr
331,beam,W36X232,360.0,0.0,0.0,870.8,0.0,116.1,1.2D+1.6L+0.5Lr
332,beam,W36X232,360.0,0.0,0.0,927.4,0.0,116.1,(1.2+0.2SDS)D+rhoEX+t++0.5L
333,beam,W27X94,360.0,0.0,0.0,870.8,0.0,116.1,1.2D+1.6L+0.5Lr
334,beam,W27X94,360.0,0.0,0.0,870.8,0.0,116.1,1.2D+1.6L+0.5Lr
335,beam,W27X94,360.0,0.0,0.0,870.8,0.0,116.1,1.2D+1.6L+0.5Lr
336,beam,W27X94,360.0,0.0,0.0,870.8,0.0,116.1,1.2D+1.6L+0.5Lr
337,beam,W27X94,360.0,0.0,0.0,870.8,0.0,116.1,1.2D+1.6L+0.5Lr
338,beam,W27X94,360.0,0.0,0.0,870.8,0.0,116.1,1.2D+1.6L+0.5Lr
339,beam,W27X94,360.0,0.0,0.0,870.8,0.0,116.1,1.2D+1.6L+0.5Lr
340,beam,W27X94,360.0,0.0,0.0,870.8,0.0,116.1,1.2D+1.6L+0.5Lr
341,beam,W27X94,360.0,0.0,0.0,870.8,0.0,116.1,1.2D+1.6L+0.5Lr
342,beam,W27X94,360.0,0.0,0.0,870.8,0.0,116.1,1.2D+1.6L+0.5Lr
343,beam,W27X94,360.0,0.0,0.0,870.8,0.0,116.1,1.2D+1.6L+0.5Lr
344,beam,W27X94,360.0,0.0,0.0,870.8,0.0,116.1,1.2D+1.6L+0.5Lr
345,beam,W27X94,360.0,0.0,0.0,870.8,0.0,116.1,1.2D+1.6L+0.5Lr
346,beam,W27X94,360.0,0.0,0.0,870.8,0.0,116.1,1.2D+1.6L+0.5Lr
347,beam,W27X94,360.0,0.0,0.0,870.8,0.0,116.1,1.2D+1.6L+0.5Lr
348,beam,W27X94,360.0,0.0,0.0,870.8,0.0,116.1,1.2D+1.6L+0.5Lr
349,beam,W27X94,360.0,0.0,0.0,870.8,0.0,116.1,1.2D+1.6L+0.5Lr
350,beam,W27X94,360.0,0.0,0.0,870.8,0.0,116.1,1.2D+1.6L+0.5Lr
351,beam,W36X232,360.0,0.0,0.0,927.4,0.0,116.1,(1.2+0.2SDS)D+rhoEX-t-+0.5L
352,beam,W36X232,360.0,0.0,0.0,870.8,0.0,116.1,1.2D+1.6L+0.5Lr
353,beam,W36X232,360.0,0.0,0.0,870.8,0.0,116.1,1.2D+1.6L+0.5Lr
354,beam,W36X232,360.0,0.0,0.0,870.8,0.0,116.1,1.2D+1.6L+0.5Lr
355,beam,W36X232,360.0,0.0,0.0,870.8,0.0,116.1,1.2D+1.6L+0.5Lr
356,beam,W36X232,360.0,0.0,0.0,912.8,0.0,116.1,(1.2+0.2SDS)D+rhoEX+t-+0.5L
357,beam,W40X277,360.0,0.0,0.0,1191.4,0.0,116.1,(1.2+0.2SDS)D+rhoEY+t-+0.5L
358,beam,W40X277,360.0,0.0,0.0,1281.2,0.0,116.1,(1.2+0.2SDS)D+rhoEY-t-+0.5L
359,beam,W40X277,360.0,0.0,0.0,1278.5,0.0,116.1,(1.2+0.2SDS)D+rhoEY+t-+0.5L
360,beam,W40X277,360.0,0.0,0.0,1204.5,0.0,116.1,(1.2+0.2SDS)D+rhoEY-t-+0.5L
361,beam,W27X94,360.0,0.0,0.0,870.8,0.0,116.1,1.2D+1.6L+0.5Lr
362,beam,W27X94,360.0,0.0,0.0,870.8,0.0,116.1,1.2D+1.6L+0.5Lr
363,beam,W27X94,360.0,0.0,0.0,870.8,0.0,116.1,1.2D+1.6L+0.5Lr
364,beam,W27X94,360.0,0.0,0.0,870.8,0.0,116.1,1.2D+1.6L+0.5Lr
365,beam,W27X94,360.0,0.0,0.0,870.8,0.0,116.1,1.2D+1.6L+0.5Lr
366,beam,W27X94,360.0,0.0,0.0,870.8,0.0,116.1,1.2D+1.6L+0.5Lr
367,beam,W27X94,360.0,0.0,0.0,870.8,0.0,116.1,1.2D+1.6L+0.5Lr
368,beam,W27X94,360.0,0.0,0.0,870.8,0.0,116.1,1.2D+1.6L+0.5Lr
369,beam,W27X94,360.0,0.0,0.0,870.8,0.0,116.1,1.2D+1.6L+0.5Lr
370,beam,W27X94,360.0,0.0,0.0,870.8,0.0,116.1,1.2D+1.6L+0.5Lr
371,beam,W27X94,360.0,0.0,0.0,870.8,0.0,116.1,1.2D+1.6L+0.5Lr
372,beam,W27X94,360.0,0.0,0.0,870.8,0.0,116.1,1.2D+1.6L+0.5Lr
373,beam,W27X94,360.0,0.0,0.0,870.8,0.0,116.1,1.2D+1.6L+0.5Lr
374,beam,W27X94,360.0,0.0,0.0,870.8,0.0,116.1,1.2D+1.6L+0.5Lr
375,beam,W27X94,360.0,0.0,0.0,870.8,0.0,116.1,1.2D+1.6L+0.5Lr
376,beam,W27X94,360.0,0.0,0.0,870.8,0.0,116.1,1.2D+1.6L+0.5Lr
377,beam,W27X94,360.0,0.0,0.0,870.8,0.0,116.1,1.2D+1.6L+0.5Lr
378,beam,W27X94,360.0,0.0,0.0,870.8,0.0,116.1,1.2D+1.6L+0.5Lr
379,beam,W27X94,360.0,0.0,0.0,870.8,0.0,116.1,1.2D+1.6L+0.5Lr
380,beam,W27X94,360.0,0.0,0.0,870.8,0.0,116.1,1.2D+1.6L+0.5Lr
381,beam,W40X277,360.0,0.0,0.0,1204.5,0.0,116.1,(1.2+0.2SDS)D+rhoEY+t++0.5L
382,beam,W40X277,360.0,0.0,0.0,1278.5,0.0,116.1,(1.2+0.2SDS)D+rhoEY-t++0.5L
383,beam,W40X277,360.0,0.0,0.0,1281.2,0.0,116.1,(1.2+0.2SDS)D+rhoEY+t++0.5L
384,beam,W40X277,360.0,0.0,0.0,1191.4,0.0,116.1,(1.2+0.2SDS)D+rhoEY-t++0.5L
385,beam,W36X194,360.0,0.0,0.0,870.8,0.0,116.1,1.2D+1.6L+0.5Lr
386,beam,W36X194,360.0,0.0,0.0,870.8,0.0,116.1,1.2D+1.6L+0.5Lr
387,beam,W36X194,360.0,0.0,0.0,870.8,0.0,116.1,1.2D+1.6L+0.5Lr
388,beam,W36X194,360.0,0.0,0.0,870.8,0.0,116.1,1.2D+1.6L+0.5Lr
389,beam,W36X194,360.0,0.0,0.0,870.8,0.0,116.1,1.2D+1.6L+0.5Lr
390,beam,W36X194,360.0,0.0,0.0,870.8,0.0,116.1,1.2D+1.6L+0.5Lr
391,beam,W27X94,360.0,0.0,0.0,870.8,0.0,116.1,1.2D+1.6L+0.5Lr
392,beam,W27X94,360.0,0.0,0.0,870.8,0.0,116.1,1.2D+1.6L+0.5Lr
393,beam,W27X94,360.0,0.0,0.0,870.8,0.0,116.1,1.2D+1.6L+0.5Lr
394,beam,W27X94,360.0,0.0,0.0,870.8,0.0,116.1,1.2D+1.6L+0.5Lr
395,beam,W27X94,360.0,0.0,0.0,870.8,0.0,116.1,1.2D+1.6L+0.5Lr
396,beam,W27X94,360.0,0.0,0.0,870.8,0.0,116.1,1.2D+1.6L+0.5Lr
397,beam,W27X94,360.0,0.0,0.0,870.8,0.0,116.1,1.2D+1.6L+0.5Lr
398,beam,W27X94,360.0,0.0,0.0,870.8,0.0,116.1,1.2D+1.6L+0.5Lr
399,beam,W27X94,360.0,0.0,0.0,870.8,0.0,116.1,1.2D+1.6L+0.5Lr
400,beam,W27X94,360.0,0.0,0.0,870.8,0.0,116.1,1.2D+1.6L+0.5Lr
401,beam,W27X94,360.0,0.0,0.0,870.8,0.0,116.1,1.2D+1.6L+0.5Lr
402,beam,W27X94,360.0,0.0,0.0,870.8,0.0,116.1,1.2D+1.6L+0.5Lr
403,beam,W27X94,360.0,0.0,0.0,870.8,0.0,116.1,1.2D+1.6L+0.5Lr
404,beam,W27X94,360.0,0.0,0.0,870.8,0.0,116.1,1.2D+1.6L+0.5Lr
405,beam,W27X94,360.0,0.0,0.0,870.8,0.0,116.1,1.2D+1.6L+0.5Lr
406,beam,W27X94,360.0,0.0,0.0,870.8,0.0,116.1,1.2D+1.6L+0.5Lr
407,beam,W27X94,360.0,0.0,0.0,870.8,0.0,116.1,1.2D+1.6L+0.5Lr
408,beam,W27X94,360.0,0.0,0.0,870.8,0.0,116.1,1.2D+1.6L+0.5Lr
409,beam,W36X194,360.0,0.0,0.0,870.8,0.0,116.1,1.2D+1.6L+0.5Lr
410,beam,W36X194,360.0,0.0,0.0,870.8,0.0,116.1,1.2D+1.6L+0.5Lr
411,beam,W36X194,360.0,0.0,0.0,870.8,0.0,116.1,1.2D+1.6L+0.5Lr
412,beam,W36X194,360.0,0.0,0.0,870.8,0.0,116.1,1.2D+1.6L+0.5Lr
413,beam,W36X194,360.0,0.0,0.0,870.8,0.0,116.1,1.2D+1.6L+0.5Lr
414,beam,W36X194,360.0,0.0,0.0,870.8,0.0,116.1,1.2D+1.6L+0.5Lr
415,beam,W36X256,360.0,0.0,0.0,952.6,0.0,116.1,(1.2+0.2SDS)D+rhoEY+t-+0.5L
416,beam,W36X256,360.0,0.0,0.0,1032.8,0.0,116.1,(1.2+0.2SDS)D+rhoEY-t-+0.5L
417,beam,W36X256,360.0,0.0,0.0,1030.9,0.0,116.1,(1.2+0.2SDS)D+rhoEY+t-+0.5L
418,beam,W36X256,360.0,0.0,0.0,964.7,0.0,116.1,(1.2+0.2SDS)D+rhoEY-t-+0.5L
419,beam,W27X94,360.0,0.0,0.0,870.8,0.0,116.1,1.2D+1.6L+0.5Lr
420,beam,W27X94,360.0,0.0,0.0,870.8,0.0,116.1,1.2D+1.6L+0.5Lr
421,beam,W27X94,360.0,0.0,0.0,870.8,0.0,116.1,1.2D+1.6L+0.5Lr
422,beam,W27X94,360.0,0.0,0.0,870.8,0.0,116.1,1.2D+1.6L+0.5Lr
423,beam,W27X94,360.0,0.0,0.0,870.8,0.0,116.1,1.2D+1.6L+0.5Lr
424,beam,W27X94,360.0,0.0,0.0,870.8,0.0,116.1,1.2D+1.6L+0.5Lr
425,beam,W27X94,360.0,0.0,0.0,870.8,0.0,116.1,1.2D+1.6L+0.5Lr
426,beam,W27X94,360.0,0.0,0.0,870.8,0.0,116.1,1.2D+1.6L+0.5Lr
427,beam,W27X94,360.0,0.0,0.0,870.8,0.0,116.1,1.2D+1.6L+0.5Lr
428,beam,W27X94,360.0,0.0,0.0,870.8,0.0,116.1,1.2D+1.6L+0.5Lr
429,beam,W27X94,360.0,0.0,0.0,870.8,0.0,116.1,1.2D+1.6L+0.5Lr
430,beam,W27X94,360.0,0.0,0.0,870.8,0.0,116.1,1.2D+1.6L+0.5Lr
431,beam,W27X94,360.0,0.0,0.0,870.8,0.0,116.1,1.2D+1.6L+0.5Lr
432,beam,W27X94,360.0,0.0,0.0,870.8,0.0,116.1,1.2D+1.6L+0.5Lr
433,beam,W27X94,360.0,0.0,0.0,870.8,0.0,116.1,1.2D+1.6L+0.5Lr
434,beam,W27X94,360.0,0.0,0.0,870.8,0.0,116.1,1.2D+1.6L+0.5Lr
435,beam,W27X94,360.0,0.0,0.0,870.8,0.0,116.1,1.2D+1.6L+0.5Lr
436,beam,W27X94,360.0,0.0,0.0,870.8,0.0,116.1,1.2D+1.6L+0.5Lr
437,beam,W27X94,360.0,0.0,0.0,870.8,0.0,116.1,1.2D+1.6L+0.5Lr
438,beam,W27X94,360.0,0.0,0.0,870.8,0.0,116.1,1.2D+1.6L+0.5Lr
439,beam,W36X256,360.0,0.0,0.0,964.7,0.0,116.1,(1.2+0.2SDS)D+rhoEY+t++0.5L
440,beam,W36X256,360.0,0.0,0.0,1030.9,0.0,116.1,(1.2+0.2SDS)D+rhoEY-t++0.5L
441,beam,W36X256,360.0,0.0,0.0,1032.8,0.0,116.1,(1.2+0.2SDS)D+rhoEY+t++0.5L
442,beam,W36X256,360.0,0.0,0.0,952.6,0.0,116.1,(1.2+0.2SDS)D+rhoEY-t++0.5L
443,beam,W36X194,360.0,0.0,0.0,870.8,0.0,116.1,1.2D+1.6L+0.5Lr
444,beam,W36X194,360.0,0.0,0.0,870.8,0.0,116.1,1.2D+1.6L+0.5Lr
445,beam,W36X194,360.0,0.0,0.0,870.8,0.0,116.1,1.2D+1.6L+0.5Lr
446,beam,W36X194,360.0,0.0,0.0,870.8,0.0,116.1,1.2D+1.6L+0.5Lr
447,beam,W36X194,360.0,0.0,0.0,870.8,0.0,116.1,1.2D+1.6L+0.5Lr
448,beam,W36X194,360.0,0.0,0.0,870.8,0.0,116.1,1.2D+1.6L+0.5Lr
449,beam,W27X94,360.0,0.0,0.0,870.8,0.0,116.1,1.2D+1.6L+0.5Lr
450,beam,W27X94,360.0,0.0,0.0,870.8,0.0,116.1,1.2D+1.6L+0.5Lr
451,beam,W27X94,360.0,0.0,0.0,870.8,0.0,116.1,1.2D+1.6L+0.5Lr
452,beam,W27X94,360.0,0.0,0.0,870.8,0.0,116.1,1.2D+1.6L+0.5Lr
453,beam,W27X94,360.0,0.0,0.0,870.8,0.0,116.1,1.2D+1.6L+0.5Lr
454,beam,W27X94,360.0,0.0,0.0,870.8,0.0,116.1,1.2D+1.6L+0.5Lr
455,beam,W27X94,360.0,0.0,0.0,870.8,0.0,116.1,1.2D+1.6L+0.5Lr
456,beam,W27X94,360.0,0.0,0.0,870.8,0.0,116.1,1.2D+1.6L+0.5Lr
457,beam,W27X94,360.0,0.0,0.0,870.8,0.0,116.1,1.2D+1.6L+0.5Lr
458,beam,W27X94,360.0,0.0,0.0,870.8,0.0,116.1,1.2D+1.6L+0.5Lr
459,beam,W27X94,360.0,0.0,0.0,870.8,0.0,116.1,1.2D+1.6L+0.5Lr
460,beam,W27X94,360.0,0.0,0.0,870.8,0.0,116.1,1.2D+1.6L+0.5Lr
461,beam,W27X94,360.0,0.0,0.0,870.8,0.0,116.1,1.2D+1.6L+0.5Lr
462,beam,W27X94,360.0,0.0,0.0,870.8,0.0,116.1,1.2D+1.6L+0.5Lr
463,beam,W27X94,360.0,0.0,0.0,870.8,0.0,116.1,1.2D+1.6L+0.5Lr
464,beam,W27X94,360.0,0.0,0.0,870.8,0.0,116.1,1.2D+1.6L+0.5Lr
465,beam,W27X94,360.0,0.0,0.0,870.8,0.0,116.1,1.2D+1.6L+0.5Lr
466,beam,W27X94,360.0,0.0,0.0,870.8,0.0,116.1,1.2D+1.6L+0.5Lr
467,beam,W36X194,360.0,0.0,0.0,870.8,0.0,116.1,1.2D+1.6L+0.5Lr
468,beam,W36X194,360.0,0.0,0.0,870.8,0.0,116.1,1.2D+1.6L+0.5Lr
469,beam,W36X194,360.0,0.0,0.0,870.8,0.0,116.1,1.2D+1.6L+0.5Lr
470,beam,W36X194,360.0,0.0,0.0,870.8,0.0,116.1,1.2D+1.6L+0.5Lr
471,beam,W36X194,360.0,0.0,0.0,870.8,0.0,116.1,1.2D+1.6L+0.5Lr
472,beam,W36X194,360.0,0.0,0.0,870.8,0.0,116.1,1.2D+1.6L+0.5Lr
473,beam,W36X256,360.0,0.0,0.0,870.8,0.0,116.1,1.2D+1.6L+0.5Lr
474,beam,W36X256,360.0,0.0,0.0,870.8,0.0,116.1,1.2D+1.6L+0.5Lr
475,beam,W36X256,360.0,0.0,0.0,870.8,0.0,116.1,1.2D+1.6L+0.5Lr
476,beam,W36X256,360.0,0.0,0.0,870.8,0.0,116.1,1.2D+1.6L+0.5Lr
477,beam,W27X94,360.0,0.0,0.0,870.8,0.0,116.1,1.2D+1.6L+0.5Lr
478,beam,W27X94,360.0,0.0,0.0,870.8,0.0,116.1,1.2D+1.6L+0.5Lr
479,beam,W27X94,360.0,0.0,0.0,870.8,0.0,116.1,1.2D+1.6L+0.5Lr
480,beam,W27X94,360.0,0.0,0.0,870.8,0.0,116.1,1.2D+1.6L+0.5Lr
481,beam,W27X94,360.0,0.0,0.0,870.8,0.0,116.1,1.2D+1.6L+0.5Lr
482,beam,W27X94,360.0,0.0,0.0,870.8,0.0,116.1,1.2D+1.6L+0.5Lr
483,beam,W27X94,360.0,0.0,0.0,870.8,0.0,116.1,1.2D+1.6L+0.5Lr
484,beam,W27X94,360.0,0.0,0.0,870.8,0.0,116.1,1.2D+1.6L+0.5Lr
485,beam,W27X94,360.0,0.0,0.0,870.8,0.0,116.1,1.2D+1.6L+0.5Lr
486,beam,W27X94,360.0,0.0,0.0,870.8,0.0,116.1,1.2D+1.6L+0.5Lr
487,beam,W27X94,360.0,0.0,0.0,870.8,0.0,116.1,1.2D+1.6L+0.5Lr
488,beam,W27X94,360.0,0.0,0.0,870.8,0.0,116.1,1.2D+1.6L+0.5Lr
489,beam,W27X94,360.0,0.0,0.0,870.8,0.0,116.1,1.2D+1.6L+0.5Lr
490,beam,W27X94,360.0,0.0,0.0,870.8,0.0,116.1,1.2D+1.6L+0.5Lr
491,beam,W27X94,360.0,0.0,0.0,870.8,0.0,116.1,1.2D+1.6L+0.5Lr
492,beam,W27X94,360.0,0.0,0.0,870.8,0.0,116.1,1.2D+1.6L+0.5Lr
493,beam,W27X94,360.0,0.0,0.0,870.8,0.0,116.1,1.2D+1.6L+0.5Lr
494,beam,W27X94,360.0,0.0,0.0,870.8,0.0,116.1,1.2D+1.6L+0.5Lr
495,beam,W27X94,360.0,0.0,0.0,870.8,0.0,116.1,1.2D+1.6L+0.5Lr
496,beam,W27X94,360.0,0.0,0.0,870.8,0.0,116.1,1.2D+1.6L+0.5Lr
497,beam,W36X256,360.0,0.0,0.0,870.8,0.0,116.1,1.2D+1.6L+0.5Lr
498,beam,W36X256,360.0,0.0,0.0,870.8,0.0,116.1,1.2D+1.6L+0.5Lr
499,beam,W36X256,360.0,0.0,0.0,870.8,0.0,116.1,1.2D+1.6L+0.5Lr
500,beam,W36X256,360.0,0.0,0.0,870.8,0.0,116.1,1.2D+1.6L+0.5Lr
501,beam,W33X141,360.0,0.0,0.0,492.8,0.0,65.7,1.2D+1.6Lr+0.5L
502,beam,W33X141,360.0,0.0,0.0,492.8,0.0,65.7,1.2D+1.6Lr+0.5L
503,beam,W33X141,360.0,0.0,0.0,492.8,0.0,65.7,1.2D+1.6Lr+0.5L
504,beam,W33X141,360.0,0.0,0.0,492.8,0.0,65.7,1.2D+1.6Lr+0.5L
505,beam,W33X141,360.0,0.0,0.0,492.8,0.0,65.7,1.2D+1.6Lr+0.5L
506,beam,W33X141,360.0,0.0,0.0,492.8,0.0,65.7,1.2D+1.6Lr+0.5L
507,beam,W24X76,360.0,0.0,0.0,492.8,0.0,65.7,1.2D+1.6Lr+0.5L
508,beam,W24X76,360.0,0.0,0.0,492.8,0.0,65.7,1.2D+1.6Lr+0.5L
509,beam,W24X76,360.0,0.0,0.0,492.8,0.0,65.7,1.2D+1.6Lr+0.5L
510,beam,W24X76,360.0,0.0,0.0,492.8,0.0,65.7,1.2D+1.6Lr+0.5L
511,beam,W24X76,360.0,0.0,0.0,492.8,0.0,65.7,1.2D+1.6Lr+0.5L
512,beam,W24X76,360.0,0.0,0.0,492.8,0.0,65.7,1.2D+1.6Lr+0.5L
513,beam,W24X76,360.0,0.0,0.0,492.8,0.0,65.7,1.2D+1.6Lr+0.5L
514,beam,W24X76,360.0,0.0,0.0,492.8,0.0,65.7,1.2D+1.6Lr+0.5L
515,beam,W24X76,360.0,0.0,0.0,492.8,0.0,65.7,1.2D+1.6Lr+0.5L
516,beam,W24X76,360.0,0.0,0.0,492.8,0.0,65.7,1.2D+1.6Lr+0.5L
517,beam,W24X76,360.0,0.0,0.0,492.8,0.0,65.7,1.2D+1.6Lr+0.5L
518,beam,W24X76,360.0,0.0,0.0,492.8,0.0,65.7,1.2D+1.6Lr+0.5L
519,beam,W24X76,360.0,0.0,0.0,492.8,0.0,65.7,1.2D+1.6Lr+0.5L
520,beam,W24X76,360.0,0.0,0.0,492.8,0.0,65.7,1.2D+1.6Lr+0.5L
521,beam,W24X76,360.0,0.0,0.0,492.8,0.0,65.7,1.2D+1.6Lr+0.5L
522,beam,W24X76,360.0,0.0,0.0,492.8,0.0,65.7,1.2D+1.6Lr+0.5L
523,beam,W24X76,360.0,0.0,0.0,492.8,0.0,65.7,1.2D+1.6Lr+0.5L
524,beam,W24X76,360.0,0.0,0.0,492.8,0.0,65.7,1.2D+1.6Lr+0.5L
525,beam,W33X141,360.0,0.0,0.0,492.8,0.0,65.7,1.2D+1.6Lr+0.5L
526,beam,W33X141,360.0,0.0,0.0,492.8,0.0,65.7,1.2D+1.6Lr+0.5L
527,beam,W33X141,360.0,0.0,0.0,492.8,0.0,65.7,1.2D+1.6Lr+0.5L
528,beam,W33X141,360.0,0.0,0.0,492.8,0.0,65.7,1.2D+1.6Lr+0.5L
529,beam,W33X141,360.0,0.0,0.0,492.8,0.0,65.7,1.2D+1.6Lr+0.5L
530,beam,W33X141,360.0,0.0,0.0,492.8,0.0,65.7,1.2D+1.6Lr+0.5L
531,beam,W36X232,360.0,0.0,0.0,492.8,0.0,65.7,1.2D+1.6Lr+0.5L
532,beam,W36X232,360.0,0.0,0.0,492.8,0.0,65.7,1.2D+1.6Lr+0.5L
533,beam,W36X232,360.0,0.0,0.0,492.8,0.0,65.7,1.2D+1.6Lr+0.5L
534,beam,W36X232,360.0,0.0,0.0,492.8,0.0,65.7,1.2D+1.6Lr+0.5L
535,beam,W24X76,360.0,0.0,0.0,492.8,0.0,65.7,1.2D+1.6Lr+0.5L
536,beam,W24X76,360.0,0.0,0.0,492.8,0.0,65.7,1.2D+1.6Lr+0.5L
537,beam,W24X76,360.0,0.0,0.0,492.8,0.0,65.7,1.2D+1.6Lr+0.5L
538,beam,W24X76,360.0,0.0,0.0,492.8,0.0,65.7,1.2D+1.6Lr+0.5L
539,beam,W24X76,360.0,0.0,0.0,492.8,0.0,65.7,1.2D+1.6Lr+0.5L
540,beam,W24X76,360.0,0.0,0.0,492.8,0.0,65.7,1.2D+1.6Lr+0.5L
541,beam,W24X76,360.0,0.0,0.0,492.8,0.0,65.7,1.2D+1.6Lr+0.5L
542,beam,W24X76,360.0,0.0,0.0,492.8,0.0,65.7,1.2D+1.6Lr+0.5L
543,beam,W24X76,360.0,0.0,0.0,492.8,0.0,65.7,1.2D+1.6Lr+0.5L
544,beam,W24X76,360.0,0.0,0.0,492.8,0.0,65.7,1.2D+1.6Lr+0.5L
545,beam,W24X76,360.0,0.0,0.0,492.8,0.0,65.7,1.2D+1.6Lr+0.5L
546,beam,W24X76,360.0,0.0,0.0,492.8,0.0,65.7,1.2D+1.6Lr+0.5L
547,beam,W24X76,360.0,0.0,0.0,492.8,0.0,65.7,1.2D+1.6Lr+0.5L
548,beam,W24X76,360.0,0.0,0.0,492.8,0.0,65.7,1.2D+1.6Lr+0.5L
549,beam,W24X76,360.0,0.0,0.0,492.8,0.0,65.7,1.2D+1.6Lr+0.5L
550,beam,W24X76,360.0,0.0,0.0,492.8,0.0,65.7,1.2D+1.6Lr+0.5L
551,beam,W24X76,360.0,0.0,0.0,492.8,0.0,65.7,1.2D+1.6Lr+0.5L
552,beam,W24X76,360.0,0.0,0.0,492.8,0.0,65.7,1.2D+1.6Lr+0.5L
553,beam,W24X76,360.0,0.0,0.0,492.8,0.0,65.7,1.2D+1.6Lr+0.5L
554,beam,W24X76,360.0,0.0,0.0,492.8,0.0,65.7,1.2D+1.6Lr+0.5L
555,beam,W36X232,360.0,0.0,0.0,492.8,0.0,65.7,1.2D+1.6Lr+0.5L
556,beam,W36X232,360.0,0.0,0.0,492.8,0.0,65.7,1.2D+1.6Lr+0.5L
557,beam,W36X232,360.0,0.0,0.0,492.8,0.0,65.7,1.2D+1.6Lr+0.5L
558,beam,W36X232,360.0,0.0,0.0,492.8,0.0,65.7,1.2D+1.6Lr+0.5L
